ESWMinima	8
Con1Maxima	32
Pressure	Loading
1.0	8.3703799987
5.0	12.155786734300001
10.0	14.1667269322
20.0	16.399418050799998
30.0	18.203744080699998
40.0	20.5599100302
50.0	22.650523104899996
60.0	23.8185323391
70.0	24.458190484099998
80.0	24.8783154656
90.0	25.2228331192
100.0	25.4267947881
150.0	26.11220336
200.0	26.491561807199997
250.0	26.7408571133
300.0	26.9130848475
350.0	27.0168452734
400.0	27.161840474
450.0	27.2538282607
500.0	27.3147382045
550.0	27.4299986537
600.0	27.4796733245
650.0	27.552017589899997
700.0	27.5726575565
750.0	27.674279715
800.0	27.7674063625
850.0	27.700948601700002
900.0	27.7355325108
950.0	27.747397410100003
1000.0	27.8602220834
1500.0	28.0472340945
2000.0	28.161836045799998
2500.0	28.4731078847
3000.0	28.503501226500003
3500.0	28.5857121334
4000.0	28.710669880100003
4500.0	28.7739586891
5000.0	28.754795623400003
5500.0	28.7687898139
6000.0	28.809008988000002
6500.0	29.034609752399998
7000.0	28.971801768899997
7500.0	29.0092717421
8000.0	29.0597123469
8500.0	29.1763680788
9000.0	29.1745724783
9500.0	29.2126953971
10000.0	29.4350836246
11000.0	29.1285672954
12000.0	29.3420360969
13000.0	29.3428078608
14000.0	29.529846245100003
15000.0	29.4622669281
16000.0	29.5827254019
17000.0	29.5217632669
18000.0	29.5501019954
19000.0	29.742864758400003
20000.0	29.6217133627
21000.0	29.76349251
22000.0	29.782089245399998
23000.0	29.670873616599998
25000.0	29.7407021536
27000.0	29.9656702382
28000.0	29.843140771799998
30000.0	29.8429114635
35000.0	30.034087391
40000.0	29.99422606
45000.0	30.094234454499997
50000.0	30.1025373022
55000.0	30.1002059088
60000.0	30.280048010500003
70000.0	30.1562470769
80000.0	30.2413315553
90000.0	30.262822127899998
100000.0	30.262822127899998
