ESWMinima	40
Con1Maxima	44
Pressure	Loading
1.0	0.077941747
5.0	0.38593500119999996
10.0	0.7778397181000001
15.0	1.1855245589
20.0	1.5562664614
25.0	1.9194491943
30.0	2.3223949274
35.0	2.6849938854000004
40.0	3.0413078373
45.0	3.3174990124
50.0	3.7058614249
55.0	4.0465155182
60.0	4.312494533500001
65.0	4.6412475504
70.0	4.9583608243
75.0	5.1624193974
80.0	5.5440579975
85.0	5.9036314675
90.0	6.1709756579
95.0	6.4722821544
100.0	6.8029932224000005
150.0	10.0797274561
200.0	19.4775148446
250.0	34.0489336185
300.0	36.7065219388
350.0	38.3929968511
400.0	39.7195687012
450.0	40.5603117875
500.0	41.5792219259
550.0	42.479669970100005
600.0	43.060255537799996
650.0	43.7706302526
700.0	44.519900756300004
750.0	45.039681424899996
800.0	45.4760206411
850.0	46.228101455200004
900.0	46.702335982
950.0	47.121433036599996
1000.0	47.4825784082
1500.0	51.755837809300004
2000.0	57.6422778218
2500.0	61.731201529399996
3000.0	62.8686322697
3500.0	63.3585936136
4000.0	63.7774020312
4500.0	64.1356415301
5000.0	64.76478832640001
5500.0	64.4435216697
6000.0	64.8644890143
6500.0	65.22662316270001
7000.0	65.314951942
7500.0	65.4962823
8000.0	65.6120510988
8500.0	65.6360976831
9000.0	65.6157975294
9500.0	65.8517563441
10000.0	65.9519796991
12000.0	66.4144750201
14000.0	66.8664097366
15000.0	66.7688068678
20000.0	67.35129782979999
25000.0	67.7505816432
30000.0	67.8847165977
35000.0	68.3932703264
40000.0	68.2510580858
45000.0	68.61919705439999
50000.0	68.7321860967
60000.0	69.5392210595
70000.0	69.1273106766
80000.0	69.5015487275
90000.0	69.300403178
100000.0	69.5848406608
