ESWMinima	27
Con1Maxima	44
Pressure	Loading
1.0	0.8405165792
5.0	0.8569143274
10.0	0.877571175
20.0	0.9199421724
30.0	0.9637902317
40.0	1.0082090411
50.0	1.054743685
60.0	1.1042575664
70.0	1.1530175
80.0	1.2046590655
90.0	1.2574564819
100.0	1.3154816739
150.0	1.6359469364
200.0	2.0479108989
250.0	2.6437451153
300.0	3.7880377656
350.0	11.1841647354
400.0	13.0713597105
450.0	13.965469148099999
500.0	14.781274052999999
550.0	15.642734946
600.0	16.413575323299998
650.0	17.042478438499998
700.0	17.6533711085
750.0	18.122318234
800.0	18.5277235729
850.0	18.8773687612
900.0	19.197508876500002
950.0	19.4646875669
1000.0	19.7210732584
1500.0	21.153591951099997
2000.0	21.926890776900002
2500.0	22.6276962244
3000.0	24.158482007800004
3500.0	26.019557786500002
4000.0	26.5940028567
4500.0	26.9118898624
5000.0	27.2744241619
5500.0	27.572504048699997
6000.0	27.9090508917
6500.0	28.3131089816
7000.0	28.6812850965
7500.0	29.115509050100002
8000.0	29.6332525601
8500.0	30.221828492100002
9000.0	32.9714005125
10000.0	34.1678338885
50000.0	35.642112995
70000.0	35.849095346999995
70000.0	35.8772694078
80000.0	35.9970325373
90000.0	35.9677402656
100000.0	36.0429742284
100000.0	36.0885404218
