ESWMinima	15
Con1Maxima	63
Pressure	Loading
0.0001	0.3546173313
0.0003	0.906542113
0.0005	1.2034477591
0.0007	1.3788185444999999
0.0009	1.4912291005
0.001	1.5304565234999998
0.002	1.7507589711000002
0.0025	1.8035135188999998
0.003	1.8427321452
0.0035	1.8683546358
0.004	1.8962565918
0.0045	1.9090644919
0.005	1.9325995581
0.006	1.9580582562
0.007	1.9792096591
0.009	2.0121163292
0.01	2.0235468612000003
0.02	2.1039767566
0.03	2.1554214605
0.04	2.1815796837
0.05	2.2014497391
0.07	2.2404733507
0.08	2.2571944282
0.09	2.2635305444
0.1	2.2692603063999996
0.5	2.4691295847
0.7	2.5045953568
0.8	2.528561834
0.9	2.539911337
1.0	2.5392284141999997
3.0	2.7161096336000004
5.0	2.8194549839999996
7.0	2.8876785016000004
10.0	2.9132790623
15.0	3.0311222741000003
20.0	3.0511092887
25.0	3.0783751552
30.0	3.102561922
35.0	3.1085289476
40.0	3.2120742685000003
45.0	3.2274644394
50.0	3.2301126237999997
55.0	3.2924641451
60.0	3.3053504722000002
65.0	3.2450358252
70.0	3.2794453714999996
75.0	3.3270720512
80.0	3.3178538323
85.0	3.3026927477999997
90.0	3.3432058547000003
95.00000000000001	3.3876960701999996
100.0	3.3650761107
150.0	3.3668095601
200.0	3.4289101889999998
249.99999999999997	3.4354316558
300.0	3.4442104104
350.0	3.4357738606
400.0	3.4484427476999997
450.0	3.4909170276
499.99999999999994	3.4888547543
550.0	3.4792945784
600.0	3.4746494148
650.0	3.5030670320999997
700.0	3.4958793687000003
750.0	3.4943653417
800.0	3.4889020831
850.0	3.4823522439
900.0	3.4817565449
999.9999999999999	3.5127115822
1500.0	3.5533093111
1999.9999999999998	3.5035102133
2500.0	3.5805241319
3000.0	3.5413202494
3500.0	3.543928167
3999.9999999999995	3.543928167
4500.0	3.5508247952999996
5000.0	3.5975221202
5500.0	3.6352373747000004
6000.0	3.6073917919
7000.0	3.6133467995
7500.0	3.6867741343000002
7999.999999999999	3.6905449536000003
8500.0	3.6905449536000003
9000.0	3.6615614966
10000.0	3.6491485816000004
12000.0	3.6499452423000003
15000.0	3.6912593463
17000.0	3.7605570549
20000.0	3.7024833412
21000.0	3.597281883
23000.0	3.597281883
25000.000000000004	3.6911198377999996
30000.0	3.6078948156
35000.0	3.7237945719
40000.0	3.6820400123000003
50000.00000000001	3.6820400123000003
60000.0	3.7144119410000003
70000.0	3.8167763952
80000.0	3.8167763952
90000.0	3.8167763952
100000.00000000001	3.8167763952
