ESWMinima	18
Con1Maxima	59
Pressure	Loading
1.0	0.0349049779
5.0	0.1849561263
10.0	0.4024187133
20.0	0.9539654013
25.0	1.3267230624
30.0	1.7734047287999999
35.0	2.4256079514
40.0	3.2880673682999997
45.0	4.4449558519
50.0	5.5485163557
55.0	6.4507806542
60.0	7.1986814843
65.0	7.6603534013
70.0	8.0728104246
75.0	8.358530050299999
80.0	8.6114148526
85.0	8.7597059
90.0	8.9635136101
95.0	9.0873588623
100.0	9.192272789
250.0	10.496457450840001
300.0	10.663461100020001
350.0	10.790035809890002
400.0	10.891028801789998
450.0	10.97603472263
500.0	11.05588216921
550.0	11.123497539539999
600.0	11.182690708039999
650.0	11.22979588956
700.0	11.285070701030001
750.0	11.32761913354
800.0	11.36952329581
850.0	11.40215722289
900.0	11.44512250496
950.0	11.46924087692
1000.0	11.50890923378
1500.0	11.78244019551
2000.0	11.98881691603
2500.0	12.198288003190001
3000.0	12.385531923650001
3500.0	12.63170396153
4000.0	12.89596839809
4500.0	13.14595059954
5000.0	13.305717886699998
5500.0	13.55398005067
6000.0	13.73974219533
6500.0	14.144880151610002
7000.0	14.74606212432
7500.0	15.16936694507
8000.0	16.04892109704
8500.0	16.69636498795
9000.0	17.600756272030004
9500.0	18.19415200168
10000.0	18.80165752185
12000.0	20.22049048606
12500.0	20.50255316807
13000.0	23.944689827499996
13500.0	29.80310301148999
14000.0	29.807642149870002
14500.0	29.976961852159995
15000.0	29.911842255070002
17000.0	30.31096794595
20000.0	30.463981778690005
21000.0	30.561872140659993
23000.0	30.727707127050003
25000.0	30.901029987250002
30000.0	31.17601381535
35000.0	31.281408650009997
40000.0	31.51811931332
50000.0	31.82717413103
60000.0	32.00735796462
70000.0	32.40229024952
80000.0	32.42139382700999
90000.0	32.57823256708001
100000.0	32.74355412238
