ESWMinima	29
Con1Maxima	62
Pressure	Loading
0.1	0.0209439318
0.5	0.10989186349999999
1.0	0.2346564164
1.5	0.3756415487
2.0	0.5450511222
2.5	0.7485574295
3.0	1.0012575859000001
3.5	1.3244170848999999
4.0	1.7282690562
4.5	2.2617412935
5.0	2.9108358615
5.5	3.7378252255
6.0	4.5215027818
6.5	5.2119007987
7.0	5.7192395541
7.5	5.9961384859
8.0	6.2472343037
8.5	6.4292544276
9.0	6.5884145930999995
9.5	6.7451426324
10.0	6.8454100649
11.0	7.0224365112000005
12.0	7.167496002000001
13.0	7.2691244004
14.0	7.3674469858
15.0	7.455334698400001
16.0	7.5144035564
17.0	7.6174105333
18.0	7.64077992
19.0	7.6970982925
20.0	7.7498263834
21.0	7.785658482300001
22.0	7.7964624172
23.0	7.864294028
24.0	7.9081702362
24.5	7.902215343
25.0	7.9410252888
30.0	8.078626419199999
35.0	8.1858502557
40.0	8.2437083878
45.0	8.3345368542
50.0	8.3858257904
55.0	8.4270259659
60.0	8.5093790836
65.0	8.5498400678
70.0	8.5874112677
75.0	8.6384744436
80.0	8.6909015209
85.0	8.7218490863
90.0	8.7657525138
95.0	8.787336099700001
100.0	8.8427711786
250.0	11.03211366409
300.0	12.08249335938
350.0	12.52168419056
400.0	12.63887817017
450.0	12.8700299658
500.0	12.764804392019999
550.0	13.05038766536
600.0	13.028581299200003
650.0	13.02583668453
700.0	12.91035627668
750.0	13.10378431972
800.0	13.041747844259998
850.0	13.12062227065
900.0	13.123987192249999
950.0	12.890578550359999
1000.0	13.18446976481
1500.0	13.27853199308
2000.0	13.29247597888
2500.0	13.377873835299999
3000.0	13.39588417386
3500.0	13.419769348829998
4000.0	13.31611942669
4500.0	13.49437167636
5000.0	13.386613371600001
5500.0	13.395362470250001
6000.0	13.441381933020002
6500.0	13.45743016786
7000.0	13.470966175160001
7500.0	13.50385525186
8000.0	13.507496636370002
8500.0	13.62287519411
9000.0	13.4576564618
9500.0	13.51579768368
10000.0	13.505369393219999
12000.0	13.53784724467
15000.0	13.579756189969999
17000.0	13.58164099438
20000.0	13.591972060319998
21000.0	13.626296466850002
23000.0	13.62668607672
25000.0	13.675741205190002
30000.0	13.608683299049996
35000.0	13.707009842869999
40000.0	13.6826437043
50000.0	13.75770453504
60000.0	13.75945880237
70000.0	13.79097143545
80000.0	13.881593933440001
90000.0	13.865881759350003
100000.0	13.844425108049998
