ESWMinima	25
Con1Maxima	64
Pressure	Loading
0.01	0.0014168914000000001
0.03	0.0043559869
0.04	0.0058430043
0.05	0.007236850699999999
0.07	0.0101506712
0.09	0.0129908966
0.1	0.0145839702
0.3	0.04436470730000001
0.5	0.0751584302
0.7	0.106665059
0.9	0.1393928212
1.0	0.1561826617
5.0	1.2384569691
6.0	1.7336438996999999
7.0	2.4320640484
8.0	3.3996150060000003
9.0	4.5234792132
10.0	5.3852960773000005
12.0	6.3944027389
14.0	6.9158869056
15.0	7.0726471773
16.0	7.215760887
18.0	7.4419238084
20.0	7.594806833
25.0	7.8926645071
30.0	8.0753983948
35.0	8.2192277362
40.0	8.339000651000001
45.0	8.4172285169
50.0	8.4963266385
55.0	8.5443002311
60.0	8.6154934469
65.0	8.6639299204
70.0	8.694125961900001
75.0	8.7742583795
80.0	8.810327408500001
85.0	8.823058120399999
90.0	8.867235247
95.0	8.9088390233
100.0	8.9279910929
250.0	9.44990448167
300.0	9.60514110369
350.0	9.80653960702
400.0	10.320012811649999
410.0	10.30121409765
420.0	10.777449796419997
430.0	10.70668369646
440.0	11.08176393244
445.0	11.710603101779999
450.0	12.23696341826
500.0	13.075565821540001
550.0	13.21215624731
600.0	13.49081621631
650.0	13.523688153870001
700.0	13.802453642200001
750.0	13.73689263978
800.0	13.67474377346
850.0	13.779690292040002
900.0	13.71046217257
950.0	13.791836662260001
1000.0	13.97606128418
1500.0	14.00178541198
2000.0	14.20000111341
2500.0	14.06672544033
3000.0	14.321571904279997
3500.0	14.452406095310002
4000.0	14.517668215729998
4500.0	14.36721176428
5000.0	14.536273773609997
5500.0	14.627821690340003
6000.0	14.5858486583
6500.0	14.525589063069997
7000.0	14.611958024580002
7500.0	14.57274377603
8000.0	14.681219183409999
8500.0	14.769354096769998
9000.0	14.65592448419
9500.0	14.672097852300002
10000.0	14.62862768464
12000.0	14.596647271930001
15000.0	14.65810305585
17000.0	14.768906331329998
20000.0	14.860800747959999
21000.0	15.090388649489999
23000.0	15.13882066268
25000.0	14.948682580120002
30000.0	15.104761085389999
35000.0	15.00104672704
40000.0	15.20440855087
50000.0	15.24286504255
60000.0	15.537298645149999
70000.0	15.438279794089999
80000.0	15.406662442260004
90000.0	15.649949644760003
100000.0	15.40034387823
