ESWMinima	16
Con1Maxima	57
Pressure	Loading
1.0	0.055406736
5.0	0.3073876451
10.0	0.7191515197
20.0	2.1105318518000002
25.0	3.5894876045
30.0	5.3829180675999995
35.0	6.6970452808
40.0	7.418968817100001
45.0	7.881071578099999
50.0	8.2076851357
55.0	8.4149210375
60.0	8.5982663266
65.0	8.7524767755
70.0	8.8699518879
75.0	8.964765007
80.0	9.0774839438
85.0	9.158648962000001
90.0	9.2334939577
95.0	9.2890586303
100.0	9.34457437
250.0	10.13960045589
300.0	10.25343520448
350.0	10.34485469388
400.0	10.42861352499
450.0	10.496229160329998
500.0	10.55904936398
550.0	10.619830206729999
600.0	10.66774727597
650.0	10.71534427246
700.0	10.760503597269999
750.0	10.79721075462
800.0	10.831911051350001
850.0	10.871075903960001
900.0	10.89661858283
950.0	10.939215773339999
1000.0	10.962059378630002
1500.0	11.309168671590001
2000.0	11.745391335269998
2500.0	12.17206412612
3000.0	12.45473206713
3500.0	12.736757762820002
4000.0	13.184038670540001
4500.0	15.474136378
4550.0	16.211382722000003
4600.0	17.920328271379997
4650.0	16.270585719710006
4700.0	18.419637926889997
4750.0	18.85685510464
4800.0	20.410264967430003
4850.0	20.94825550166
4900.0	21.4268626739
4950.0	21.53162984984
5000.0	21.71256674178
5500.0	21.58969329956
6000.0	21.81647987295
6500.0	22.19118620813
7000.0	22.167860059189998
7500.0	22.45768061369
8000.0	22.28391453291
8500.0	22.60014377044
9000.0	22.28060407101
9500.0	22.652708346500003
10000.0	22.8035301868
12000.0	22.709028863260002
15000.0	22.903959430039997
17000.0	23.1007223055
20000.0	22.774563994999998
21000.0	23.0982298581
23000.0	23.01805396766
25000.0	22.92645910468
30000.0	23.434333765590004
35000.0	23.22818041462
40000.0	23.31881192485
50000.0	23.5977924253
60000.0	23.84693020067
70000.0	23.89308464815
80000.0	23.790758886909998
90000.0	23.866914665559996
100000.0	24.14998298666
