ESWMinima	20
Con1Maxima	62
Pressure	Loading
1.0	0.0326210518
5.0	0.172174672
10.0	0.3688295992
20.0	0.86559873
25.0	1.1826494986
30.0	1.5491415987000001
35.0	2.0480148256999997
40.0	2.7631022061
45.0	3.6999943106
50.0	4.7498148873
55.0	5.7892473655
60.0	6.604030989
65.0	7.2377804790999996
70.0	7.7196596923000005
75.0	8.100527723899999
80.0	8.3856711099
85.0	8.595750733400001
90.0	8.796619403300001
95.0	8.9726617377
100.0	9.0943251989
150.0	9.9154949337
200.0	10.2942096075
250.0	10.53154021
300.0	10.7253589161
350.0	10.8554698449
400.0	10.9537097477
450.0	11.0481645533
500.0	11.1321944877
550.0	11.170969080299999
600.0	11.236936925699998
650.0	11.3124004707
700.0	11.3386691311
750.0	11.3933671643
800.0	11.4303711135
850.0	11.480312554600001
900.0	11.5126288781
950.0	11.565917473599999
1000.0	11.576708823499999
2500.0	12.249435780899999
3000.0	12.3851787712
3500.0	12.5860442494
4500.0	12.961174619300001
5000.0	13.2331067298
5500.0	13.4096144826
6000.0	14.0756496291
6500.0	14.6261840137
7000.0	14.3668113987
7500.0	14.996456493
8000.0	15.603169396199998
8500.0	15.9608146625
9000.0	16.6075201001
10000.0	17.663798945899998
12000.0	19.570808390299998
12500.0	20.0615254176
13000.0	20.034305522
13500.0	20.7653185632
14000.0	20.8219869228
14500.0	21.1249084844
15000.0	21.110055200799998
15500.0	21.277371982200002
16000.0	31.8079255719
16500.0	31.627544883600002
17000.0	32.047718007
20000.0	32.210172041
21000.0	32.3363528631
23000.0	32.7145480003
25000.0	32.8123263701
30000.0	32.984609556500004
35000.0	32.874549221399995
50000.0	33.4618225138
60000.0	33.7173159488
70000.0	33.3911564966
80000.0	34.2613630624
90000.0	33.5668041829
100000.0	34.316630449
