ESWMinima	29
Con1Maxima	71
Pressure	Loading
1.0	0.0745468869
5.0	0.43447513390000003
10.0	1.1102712418
11.0	1.3055356523000001
12.0	1.5009296449
13.0	1.7478295905
14.0	2.0157614362
15.0	2.3155764133
16.0	2.650228383
17.0	3.1301895107999997
18.0	3.5799979904000003
19.0	4.055905543
20.0	4.5780504622
21.0	5.0236421136
22.0	5.5140585837
23.0	5.8933453863
24.0	6.1897824522
25.0	6.4740130818
26.0	6.667033782100001
27.0	6.8751804967
28.0	7.0346214576
29.0	7.220268626499999
30.0	7.3374711062
35.0	7.833977530199999
40.0	8.1159444512
45.0	8.328773265399999
50.0	8.477728274
55.0	8.6397821012
60.0	8.7656504649
65.0	8.845252893
70.0	8.9091030269
75.0	9.002624620499999
80.0	9.067515085
85.0	9.101729471
90.0	9.1680741127
95.0	9.2394991917
100.0	9.257948835499999
250.0	9.88509391355
300.0	9.989666859420002
350.0	10.07458783619
400.0	10.1490278603
450.0	10.213023799690001
500.0	10.281402983499998
550.0	10.33176330761
600.0	10.39333286344
650.0	10.43158766222
700.0	10.48187914793
750.0	10.529834209370001
800.0	10.566295672559999
850.0	10.599602813299999
900.0	10.63626028229
950.0	10.684859377279999
1500.0	11.125792158580001
2000.0	12.103675352989999
2100.0	12.50257735871
2200.0	13.053589001610002
2300.0	14.05155413304
2400.0	15.406075382069996
2500.0	16.629492059409998
2600.0	17.3588133914
2700.0	17.31090149002
2800.0	17.47741376004
2900.0	17.616128546290003
3000.0	17.73147647052
3500.0	18.20637212592
4000.0	18.33317943326
4500.0	18.499175415259998
5000.0	18.792076146319996
5500.0	18.5921148074
6000.0	18.906821802579998
6500.0	18.9132615942
7000.0	19.172533949990004
7500.0	19.32519028105
8000.0	19.501626776580004
8500.0	19.151856309110002
9000.0	19.55187659874
9500.0	19.643532481199998
10000.0	19.5105040394
12000.0	19.82883481183
15000.0	20.114157298789998
17000.0	19.9348458477
21000.0	20.33817412182
23000.0	20.519506204480003
25000.0	20.43531799613
30000.0	20.48847416609
35000.0	20.49895937016
40000.0	20.78978773883
50000.0	20.845549190600003
60000.0	20.84849118196
70000.0	20.93928733263
80000.0	20.96065481999
90000.0	21.160756352539998
100000.0	21.041781862149996
