ESWMinima	36
Con1Maxima	78
Pressure	Loading
0.0001	3.9895e-06
0.0003	1.4743800000000001e-05
0.0005	2.4457399999999997e-05
0.0007	3.31302e-05
0.0009	4.52721e-05
0.001	4.77005e-05
0.005	0.0002463082
0.006	0.0002927945
0.007	0.0003408419
0.009	0.0004175097
0.01	0.0004671182
0.05	0.0024525007
0.07	0.0033749421
0.09	0.004327218
0.1	0.0048243441
0.3	0.0145871667
0.5	0.0243976898
0.7	0.034314888700000004
0.9	0.044380219299999996
1.0	0.049244285
5.0	0.2693586066
10.0	0.6084569384
15.0	1.0657602873999998
20.0	1.677434149
25.0	2.6033139548
30.0	4.0905350715
35.0	5.7037429820000005
40.0	6.7631788738
45.0	7.4298188282
50.0	7.8917805235000005
55.0	8.2074563375
60.0	8.4373603676
65.0	8.6338320553
70.0	8.796394569
75.0	8.9357118375
80.0	9.0226830729
85.0	9.1407517533
90.0	9.20670371
95.0	9.2796300035
100.0	9.355510780700001
250.0	10.22437796783
300.0	10.35711224621
350.0	10.45467447197
400.0	10.54245109454
450.0	10.618595901289998
500.0	10.67946489032
550.0	10.739714900060003
600.0	10.78927496246
650.0	10.83513574816
700.0	10.891405626289998
750.0	10.908336478679999
800.0	10.95178266394
850.0	10.998561901519999
900.0	11.03631599788
950.0	11.06299828255
1000.0	11.10017933662
1500.0	11.36931878103
2000.0	11.663812672130002
2500.0	11.93627080089
3000.0	12.26111702599
3500.0	12.55954641256
4000.0	12.82919931694
4500.0	13.334110476019998
5000.0	14.55279097781
5500.0	18.0082619907
5550.0	15.874927813199998
5600.0	16.93154677241
5650.0	19.118846141120002
5700.0	19.743878722010002
5750.0	20.260275270750004
5800.0	20.37602194756
5850.0	21.407778295829996
5900.0	23.680222432459995
5950.0	23.42160716878
6000.0	23.14599311563
6500.0	23.93501162274
7000.0	24.00279571318
7500.0	24.0252862783
8000.0	24.25773841241
8500.0	24.38357158154
9000.0	24.360724881430002
9500.0	24.615991337109996
10000.0	24.597195509930003
12000.0	24.7108238788
15000.0	24.97803567282
17000.0	24.83559248789
20000.0	25.39549679892
21000.0	25.20613734583
23000.0	25.338110584049996
25000.0	25.43666180063
30000.0	25.50126230037
35000.0	25.715745213990004
40000.0	25.62062800136
50000.0	25.902072214790003
60000.0	26.058829054500002
70000.0	26.008017937469997
80000.0	26.16758401999
90000.0	26.013524370160003
100000.0	26.20282640918
