ESWMinima	26
Con1Maxima	69
Pressure	Loading
1.0	0.0219597843
5.0	0.1130366098
10.0	0.2370283323
20.0	0.515216095
25.0	0.6795723218
30.0	0.8463008381
35.0	1.0306005915
40.0	1.2371530227
45.0	1.4920588665999999
50.0	1.8020471429
55.0	2.1625510904
60.0	2.5917358609
65.0	3.1477856847
70.0	3.7393874391
75.0	4.412672113399999
80.0	5.1388010373
85.0	5.839975525800001
90.0	6.449590880700001
95.0	7.0154878765
100.0	7.4881769113
110.0	8.2065165505
120.0	8.6787677813
130.0	9.065863394800001
140.0	9.3626469771
150.0	9.593288147400001
200.0	10.3261784036
250.0	10.7190529912
300.0	11.001055705499999
350.0	11.1828751308
400.0	11.3413094554
450.0	11.4632309009
500.0	11.568154011099999
550.0	11.664094753599999
600.0	11.7400174329
650.0	11.8001910598
700.0	11.8833782932
750.0	11.915988303299999
800.0	11.9743152633
850.0	12.0413737235
900.0	12.076242235599999
950.0	12.101385391700001
1000.0	12.145535013
1500.0	12.443429013900001
2000.0	12.654215566500001
2500.0	12.8541052879
3000.0	13.0120746501
3500.0	13.1048479788
4500.0	13.387519442
5000.0	13.5728356501
5500.0	13.7096679072
6000.0	13.959606156700001
6500.0	14.078511244100001
7000.0	14.2503316487
7500.0	14.6441390356
8000.0	14.5845638829
8500.0	14.9609572338
9000.0	14.9490222409
10000.0	15.6869875353
12000.0	16.8018597108
15000.0	20.3938417808
17000.0	21.893936141100003
20000.0	23.359133740700003
21000.0	23.8944930849
23000.0	24.4562499232
25000.0	25.0368276779
30000.0	29.6911811175
31000.0	31.540393645
32000.0	32.1197967527
33000.0	37.1929520582
34000.0	48.128962786
35000.0	47.7713576426
40000.0	48.0625377887
50000.0	48.501945289300004
60000.0	49.1180884545
70000.0	49.3611632802
80000.0	49.3560166788
90000.0	49.38398152520001
100000.0	49.5608201734
