ESWMinima	27
Con1Maxima	72
Pressure	Loading
1.0	0.0258284742
5.0	0.133169336
10.0	0.2818892737
20.0	0.6306069218
25.0	0.8383111864
30.0	1.0652706198000002
35.0	1.3174391723
40.0	1.6403891715
45.0	2.0386031946000003
50.0	2.5592202277
55.0	3.1588134839
60.0	3.9600128543
65.0	4.8034389244
70.0	5.5993624435000005
75.0	6.3396006616
80.0	6.9740213125
85.0	7.5048763232
90.0	7.8860644398
95.0	8.186559345700001
100.0	8.5050535957
110.0	8.8981359677
120.0	9.1957181929
130.0	9.4639736744
140.0	9.6597013496
150.0	9.8181898918
160.0	9.9565655809
170.0	10.0688019618
180.0	10.180320695499999
190.0	10.2747520035
200.0	10.3534123046
250.0	10.6758662184
300.0	10.896239279200001
350.0	11.0617903897
400.0	11.187021433699998
450.0	11.3048228755
500.0	11.393673395899999
550.0	11.450585843399999
600.0	11.5500657747
650.0	11.6033320521
700.0	11.660370197699999
750.0	11.716838018499999
800.0	11.754201693299999
850.0	11.8057461264
900.0	11.863122859
950.0	11.903063749600001
1000.0	11.913793880999998
1500.0	12.2000710246
2000.0	12.4097297965
2500.0	12.565271313599998
3000.0	12.7582581457
3500.0	12.924289961800001
4500.0	13.249214820499999
5000.0	13.3451832995
5500.0	13.4889629664
6000.0	13.7229589496
6500.0	13.945793126099998
7000.0	14.3444036706
7500.0	14.498754814000002
8000.0	14.9791084431
8500.0	14.9899747956
9000.0	15.411365143900001
10000.0	15.7429092161
12000.0	17.7280421485
15000.0	21.2970700662
17000.0	22.1265719779
20000.0	23.2895205479
21000.0	23.6300480451
22000.0	23.8231525963
23000.0	25.170432753000004
24000.0	25.49205211
25000.0	35.2851560368
26000.0	39.1768815168
27000.0	40.1076963319
28000.0	40.0579346842
29000.0	40.3481012995
30000.0	40.2563145085
35000.0	40.2336379691
40000.0	40.452887032199996
50000.0	40.6999331846
60000.0	40.9698048176
70000.0	41.6123554877
80000.0	41.701236651900004
90000.0	41.8474965147
100000.0	41.453516563499996
