ESWMinima	34
Con1Maxima	78
Pressure	Loading
0.0001	8.4801e-06
0.0003	1.7538399999999998e-05
0.0005	2.85239e-05
0.0007	4.66405e-05
0.0009	5.80115e-05
0.001	6.282979999999999e-05
0.005	0.0003122216
0.006	0.00035558569999999997
0.007	0.0004261247
0.009	0.0005608425
0.01	0.0006356215
0.05	0.0030636263
0.07	0.0043250401
0.09	0.0056128579000000005
0.1	0.0062396138
0.3	0.0188065333
0.5	0.0314119987
0.7	0.044189378700000004
0.9	0.0572151868
1.0	0.0636922432
5.0	0.3599610563
10.0	0.8657723869
15.0	1.6461323144
20.0	2.9869302110000002
25.0	5.121204233299999
30.0	6.5750693286
35.0	7.370930480499999
40.0	7.8264556311
45.0	8.1512801934
50.0	8.3877990428
55.0	8.5515933863
60.0	8.6996847179
65.0	8.8067029121
70.0	8.9165124061
75.0	9.0138102938
80.0	9.0829388548
85.0	9.166311081
90.0	9.198937082
95.0	9.2706661406
100.0	9.3189178692
250.0	10.02463534446
300.0	10.128816787039998
350.0	10.23138447435
400.0	10.30004839693
450.0	10.36418256863
500.0	10.42510371668
550.0	10.47269711385
600.0	10.5255667349
650.0	10.56631740375
700.0	10.621168700450001
750.0	10.664906706900002
800.0	10.6903725865
850.0	10.73417666701
900.0	10.769023263929999
950.0	10.80187154623
1000.0	10.85512029807
1500.0	11.152484777710002
2000.0	11.76343352074
2500.0	12.26375363784
3000.0	13.05590458846
3050.0	13.11611607479
3100.0	13.47099925791
3150.0	13.21699834365
3200.0	13.493689352549998
3250.0	14.74484826646
3300.0	14.25598253853
3350.0	15.503633231560002
3400.0	17.19213848232
3450.0	17.69909218422
3500.0	18.068026078249996
4000.0	20.252676253089998
4500.0	20.336914894160003
5000.0	20.54933543953
5500.0	20.34880192861
6000.0	20.58319982327
6500.0	21.05707644095
7000.0	21.07077002429
7500.0	21.059142789049996
8000.0	21.487646862360002
8500.0	21.520062499299996
9000.0	21.569057360319995
9500.0	21.34360053515
10000.0	21.350189599449998
12000.0	21.462238769450003
15000.0	21.36027503176
17000.0	21.64150497828
20000.0	21.87827521104
21000.0	22.02769438379
23000.0	21.885957083070004
25000.0	22.042876544649996
30000.0	21.978124032830003
35000.0	21.924745798940002
40000.0	21.972275884509997
50000.0	22.120576231050002
60000.0	22.29191075843
70000.0	22.40300508282
80000.0	22.19258616056
90000.0	22.271157401369997
100000.0	22.295409310700002
