ESWMinima	41
Con1Maxima	82
Pressure	Loading
0.01	1.5401482827000001
0.01	1.5401482827000001
0.01	1.5401482827000001
0.01	1.5401482827000001
0.02	1.6799104076
0.02	1.6799104076
0.02	1.6799104076
0.04	1.7945081142
0.04	1.7945081142
0.04	1.7945081142
0.05	1.8283132776
0.05	1.8283132776
0.05	1.8283132776
0.05	1.8283132776
0.06	1.8522158491
0.06	1.8522158491
0.06	1.8522158491
0.08	1.8927414141999999
0.08	1.8927414141999999
0.08	1.8927414141999999
0.1	1.9327444337000002
0.1	1.9327444337000002
0.1	1.9327444337000002
0.1	1.9327444337000002
0.2	2.0623252644
0.2	2.0623252644
0.2	2.0623252644
0.4	2.2254621579
0.4	2.2254621579
0.4	2.2254621579
0.5	2.3079316585
0.5	2.3079316585
0.5	2.3079316585
0.5	2.3079316585
0.6	2.3788358964
0.6	2.3788358964
0.6	2.3788358964
0.8	2.4962783445
0.8	2.4962783445
0.8	2.4962783445
1.0	2.5663527042
5.0	3.2981199274
10.0	3.5010454848
20.0	3.6033109114
30.0	3.641789897
40.0	3.6626172561
50.0	3.6744824796
60.0	3.684040708
70.0	3.6898799713
80.0	3.6968972479
90.0	3.705620055
100.0	3.7098335068
150.0	3.7317660748
200.0	3.7506634901
250.0	3.7726873207
300.0	3.7868525673
350.0	3.7944282201
400.0	3.8237188851
450.0	3.8268681591
500.0	3.8516890997
550.0	3.8656620492
600.0	3.8828986794
650.0	3.9143625029
700.0	3.9226534555
750.0	3.9057591029
800.0	3.9680782277
850.0	3.9799228499
900.0	4.0063738023000015
950.0	4.0454755680000005
1000.0	4.0428534113
1500.0	4.2691621662
2000.0	4.5222374067
2500.0	4.8275063383
3000.0	5.0279395752
3500.0	5.2328465939
4000.0	5.3679028376
4500.0	5.5294830666
5000.0	5.5553286685000005
5500.0	5.6416295981
6000.0	5.6046015564
6500.0	5.6883453046
7000.0	5.7452467913
7500.0	5.865337369
8000.0	5.8212282184
8500.0	5.8352347698
9000.0	5.9202219638
9500.0	5.937256810499999
10000.0	5.9459043559000015
11000.0	5.9107077951
12000.0	5.905076715700001
13000.0	5.954645507
14000.0	6.0143331316
15000.0	5.9911379738
16000.0	5.9183417942
17000.0	6.009045787000001
18000.0	6.024738439199999
19000.0	6.027645355800001
20000.0	6.0948807459
21000.0	6.080996773200001
22000.0	6.064759117
23000.0	6.0431586831
25000.0	6.0593946249
27000.0	6.0807236712
28000.0	6.0856299073
30000.0	6.0574745102
35000.0	6.0989714476
40000.0	6.0928865696
45000.0	6.1224215349
50000.0	6.125354853099999
55000.0	6.1346108348
60000.0	6.121102484600001
70000.0	6.1465458911
80000.0	6.106355831799999
90000.0	6.1264488041
100000.0	6.1264488041
