ESWMinima	30
Con1Maxima	43
Pressure	Loading
1.0	1.3393756859000001
5.0	2.184734399
10.0	2.9491042785
15.0	3.5233187649
20.0	3.9455834602
25.0	4.2314611508999995
30.0	4.4955104364
35.0	4.7411058513999995
40.0	4.9617234557
45.0	5.1262347901
50.0	5.3099201201
55.0	5.490851945299999
60.0	5.6415149395
65.0	5.8247249965
70.0	5.973646605700001
75.0	6.1458527451
80.0	6.3049912813999995
85.0	6.4703776375999995
90.0	6.621975784400001
95.0	6.7993430619
100.0	6.9362130362
150.0	8.6927485617
200.0	10.874024724000002
250.0	25.1891969693
300.0	33.2213867305
350.0	35.7535000164
400.0	37.3672140717
450.0	39.0454983939
500.0	40.251524397
550.0	41.1818246953
600.0	41.8518163185
650.0	42.516496236500004
700.0	42.8642469716
750.0	43.290420643199994
800.0	43.5261079624
850.0	43.746724604700006
900.0	43.910141079300004
950.0	44.2198872895
1000.0	44.3636391019
1500.0	45.288938931400004
2000.0	46.0202350032
2500.0	46.528043552700005
3000.0	46.7203025581
3500.0	47.1607700181
4000.0	47.355943197600006
4500.0	47.4070413021
5000.0	47.735762836199996
5500.0	47.7776479558
6000.0	48.0339913722
6500.0	48.153410456
7000.0	48.16491418
7500.0	48.4513056274
8000.0	48.4293920771
8500.0	48.643351048599996
9000.0	48.814800022200004
9500.0	48.8576828303
10000.0	48.943121335600004
12000.0	49.225396957
14000.0	49.398691221499995
15000.0	49.424040399300004
20000.0	50.17205521020001
25000.0	50.4682166933
30000.0	50.785081416000004
35000.0	50.7577488872
40000.0	51.0910316955
45000.0	51.272388765
50000.0	51.3473246021
60000.0	51.6771660103
70000.0	51.7602714445
80000.0	52.0792388175
90000.0	52.0179449519
100000.0	52.032150708900005
