ESWMinima	42
Con1Maxima	45
Pressure	Loading
1.0	0.0778711057
5.0	0.3884891311
10.0	0.7799865971
15.0	1.1464297855
20.0	1.5285996135
25.0	1.9375789178
30.0	2.3372037731
35.0	2.7753475098
40.0	3.2119924044
45.0	3.6459345354000003
50.0	4.1195844112
55.0	4.5663484176999996
60.0	5.0304425787
65.0	5.5485347185
70.0	6.065313489199999
75.0	6.6052128439999995
80.0	7.1504141551
85.0	7.7046702203
90.0	8.3145931538
95.0	8.9238054136
100.0	9.6483308155
150.0	15.4579508884
200.0	18.0622834969
250.0	19.5130869284
300.0	20.5664052385
350.0	21.4865352186
400.0	22.2998338646
450.0	23.0683453771
500.0	23.8336201106
550.0	24.5709020134
600.0	25.3425166173
650.0	26.1776426784
700.0	26.9921243115
750.0	27.854932857399998
800.0	28.8253991023
850.0	29.949745116
900.0	30.8979641525
950.0	31.842463813000002
1000.0	32.8146345728
1500.0	40.1087278503
2000.0	47.2861898421
2500.0	55.802564008000004
3000.0	57.236949224499995
3500.0	57.7858423661
4000.0	58.3222981671
4500.0	58.6005425267
5000.0	58.8838365259
5500.0	59.041425019799995
6000.0	59.3703214991
6500.0	59.5030224574
7000.0	59.6820270204
7500.0	59.777851910500004
8000.0	59.9814101578
8500.0	60.1595428142
9000.0	60.1550466554
9500.0	60.2392572642
10000.0	60.3080677395
12000.0	60.5793809187
14000.0	60.8546077615
15000.0	61.04960229899999
20000.0	61.658203048900006
25000.0	61.83041415899999
30000.0	62.0849396464
35000.0	62.2848350778
40000.0	62.4632868946
45000.0	62.6136691206
50000.0	62.8218722724
60000.0	62.958871429300004
70000.0	63.405243188
80000.0	63.4334358154
90000.0	63.3408304424
100000.0	63.559969154399994
