ESWMinima	15
Con1Maxima	33
Pressure	Loading
1.0	3.3125706186
5.0	3.5420409633
10.0	3.8870830469
20.0	5.935821824
30.0	9.4690112225
40.0	10.7075164193
50.0	11.4365950279
60.0	12.0535972143
70.0	12.6222376172
80.0	13.1727593413
90.0	13.7490484028
100.0	14.341548886500002
150.0	17.1162398352
200.0	18.9320419257
250.0	20.000119714500002
300.0	20.7232387707
350.0	21.213895199
400.0	21.580443903499997
450.0	21.865404908800002
500.0	22.134715216500002
550.0	22.335942406799997
600.0	22.5201210484
650.0	22.634497889000002
700.0	22.6842684159
750.0	22.8166501028
800.0	22.9168102616
850.0	22.9825240756
900.0	23.0826034667
950.0	23.171744418600007
1000.0	23.242898951
1500.0	23.722818601300002
2000.0	23.9637988733
2500.0	24.098292233200002
3000.0	24.249759487600002
3500.0	24.3589055372
4000.0	24.5271950527
4500.0	24.5498700512
5000.0	24.6769437096
5500.0	24.656355155
6000.0	24.6751300507
6500.0	24.8038063212
7000.0	24.935009211599997
7500.0	24.923604420100002
8000.0	24.831841959200002
8500.0	25.097741765
9000.0	25.017953172600002
9500.0	25.0566555842
10000.0	25.1168860571
15000.0	25.2636953002
20000.0	25.5683063004
50000.0	26.2582374566
70000.0	26.1829536061
100000.0	26.2402815188
