ESWMinima	15
Con1Maxima	33
Pressure	Loading
1.0	3.3092893194
5.0	3.5400451894
10.0	3.8829987625
20.0	5.8446606009
30.0	9.4081698247
40.0	10.638126723500001
50.0	11.371652813299999
60.0	11.978226396300002
70.0	12.5280127719
80.0	13.1014925262
90.0	13.673794689500001
100.0	14.250264918800001
150.0	17.0029090151
200.0	18.8946145776
250.0	19.9952684805
300.0	20.7277872546
350.0	21.2060698502
400.0	21.6430501379
450.0	21.940038139400002
500.0	22.1231137581
550.0	22.3686850506
600.0	22.4844879852
650.0	22.612748792399998
700.0	22.732259984899997
750.0	22.841274980500003
800.0	22.9813108366
850.0	23.0679018338
900.0	23.1769502388
950.0	23.220302050999997
1000.0	23.3182416982
1500.0	23.7060653114
2000.0	24.0094048647
2500.0	24.1422638392
3000.0	24.280839158699997
3500.0	24.45656155
4000.0	24.4962349833
4500.0	24.5142362131
5000.0	24.6005385817
5500.0	24.712286422
6000.0	24.789072829000002
6500.0	24.819635603400002
7000.0	24.901494365599998
7500.0	24.954290154499997
8000.0	24.9210367276
8500.0	25.0213839095
9000.0	25.082896162199997
9500.0	25.0560351015
10000.0	25.0503647374
15000.0	25.3702860565
20000.0	25.6123959583
25000.0	25.6320819457
30000.0	25.8643922513
40000.0	25.895414317199997
50000.0	26.1213190824
60000.0	26.1687648229
70000.0	26.1293041585
80000.0	26.38145949
90000.0	26.342752600999997
100000.0	26.2908920997
