ESWMinima	24
Con1Maxima	42
Pressure	Loading
1.0	3.3162971310000002
5.0	3.5635834906
10.0	3.9460101705
15.0	4.6796794983
20.0	6.558054844400001
25.0	8.734811178
30.0	9.8691712552
35.0	10.4679770517
40.0	10.9109492248
45.0	11.285494328399999
50.0	11.614134565399999
55.0	11.9225940046
60.0	12.2219827383
65.0	12.513024749100001
70.0	12.7993191979
75.0	13.0930709768
80.0	13.383113636800001
85.0	13.6774852094
90.0	13.973445789400001
95.0	14.285227385399999
100.0	14.5774335545
150.0	17.3502816543
200.0	19.0756396587
250.0	20.102325589
300.0	20.7414901395
350.0	21.2577438451
400.0	21.6045505069
450.0	21.9156032123
500.0	21.995729686199997
550.0	22.2833722166
600.0	22.3901745364
650.0	22.5924322479
700.0	22.6895011013
750.0	22.8662123384
800.0	22.907699172199997
850.0	23.029695050700003
900.0	23.0614085509
950.0	23.130328450300002
1000.0	23.2892154062
1500.0	23.645836388400003
2000.0	23.8444314785
2500.0	24.0823455019
3000.0	24.1923460713
3500.0	24.2789749554
4000.0	24.339046561999996
4500.0	24.5004712455
5000.0	24.5380952606
5500.0	24.4770069097
6000.0	24.569866279899998
6500.0	24.7565809269
7000.0	24.809205191900002
7500.0	24.7700223067
8000.0	24.8039551131
8500.0	24.922201747
9000.0	24.979440109000002
9500.0	24.9961828078
10000.0	24.8648796896
12000.0	25.0567405712
14000.0	25.119799897399997
15000.0	25.2728038925
20000.0	25.6435409841
25000.0	25.5663417831
30000.0	25.6047063132
35000.0	25.897851558600003
40000.0	25.7883268131
50000.0	26.165235666399997
60000.0	25.8630451168
70000.0	26.174585270500003
80000.0	26.2249709415
90000.0	26.0223799982
100000.0	26.0223799982
