ESWMinima	58
Con1Maxima	59
Pressure	Loading
1.0	0.021614188500000003
5.0	0.11072059470000001
10.0	0.2233742356
15.0	0.3420252255
20.0	0.45756517770000005
25.0	0.5753033402000001
30.0	0.6990487953
35.0	0.8375241161
40.0	0.9520630738
45.0	1.0543620567
50.0	1.2208937277
55.0	1.3523236384000001
60.0	1.4330893079
65.0	1.6088864753
70.0	1.7641950759
75.0	1.8111138742
80.0	2.0248719338
85.0	2.1535335313
90.0	2.2407327447
95.0	2.4958106627000003
100.0	2.5430138495
150.0	3.9177856175
200.0	5.1624208126
250.0	6.3224255715
300.0	7.3814445726999995
350.0	8.2895189114
400.0	9.1320526402
450.0	9.9352293878
500.0	10.565487987200001
550.0	11.269685606400001
600.0	11.9367556116
650.0	12.549801746500002
700.0	13.117423282799999
750.0	13.709671271700001
800.0	14.1916242543
850.0	14.8051735381
900.0	15.2292763325
950.0	15.6474984502
1000.0	16.1494819287
1500.0	19.3927915077
2000.0	21.355831814400002
2500.0	22.8875860313
3000.0	24.1787853677
3500.0	25.401353606700003
4000.0	26.5353676437
4500.0	27.7990310144
5000.0	29.1127089743
5500.0	30.640807904099997
6000.0	32.0012528558
6500.0	33.3838303919
7000.0	34.9374328045
7500.0	36.112969550500004
8000.0	37.7274191685
8500.0	38.6165607907
9000.0	40.1041194446
9500.0	40.875834472
10000.0	42.1249343677
12000.0	88.24070507290001
14000.0	88.73212706540001
15000.0	88.728289478
20000.0	89.9142511504
25000.0	91.9193431684
30000.0	91.3425681675
35000.0	92.8413485659
40000.0	92.1926179726
45000.0	93.54247889940001
50000.0	94.0667408025
60000.0	94.497467396
70000.0	94.6012254444
80000.0	95.03769946979999
90000.0	95.2486573966
100000.0	94.83788307549999
