ESWMinima	4
Con1Maxima	35
Pressure	Loading
1.0	2.5194028888999997
5.0	9.6542645384
10.0	11.758703343199999
20.0	13.009115585999998
30.0	13.5603146974
40.0	13.8987978101
50.0	14.134182501600002
60.0	14.310886627999999
70.0	14.4919874729
80.0	14.6031816996
90.0	14.6956212406
100.0	14.8028147769
150.0	15.131700801
200.0	15.3504008597
250.0	15.5255908585
300.0	15.6790715123
350.0	15.7447558199
400.0	15.8194401882
450.0	15.919486331500002
500.0	15.987164666199998
550.0	16.0628559071
600.0	16.0882903059
650.0	16.1206931072
700.0	16.1824846184
750.0	16.249376451099998
800.0	16.3504865384
850.0	16.327249040999998
900.0	16.3310830996
950.0	16.4458282497
1000.0	16.4699340377
1500.0	16.7156676048
2000.0	17.1257959302
2500.0	17.1437896641
3000.0	17.4797774657
3500.0	17.5266276598
4000.0	17.6715065028
4500.0	17.6576206592
5000.0	17.8036332233
5500.0	17.8646117103
6000.0	17.9088955665
6500.0	17.9269765738
7000.0	17.9932310398
7500.0	17.9951223106
8000.0	18.0516404812
8500.0	18.023269336
9000.0	18.0863852923
9500.0	18.0530324815
10000.0	18.1584527084
15000.0	18.2476975708
20000.0	18.3083188409
25000.0	18.4410385622
30000.0	18.4674528253
40000.0	18.5879271929
50000.0	18.6592093567
60000.0	18.706717954600002
70000.0	18.6967771186
80000.0	18.7255048558
90000.0	18.658251848699997
100000.0	18.576823891900002
