ESWMinima	45
Con1Maxima	71
Pressure	Loading
0.01	0.0774885043
0.01	0.0774885043
0.01	0.0774885043
0.01	0.0774885043
0.02	0.1463636308
0.02	0.1463636308
0.02	0.1463636308
0.04	0.2630016239
0.04	0.2630016239
0.04	0.2630016239
0.05	0.30960847469999997
0.05	0.30960847469999997
0.05	0.30960847469999997
0.05	0.30960847469999997
0.06	0.3542534026
0.06	0.3542534026
0.06	0.3542534026
0.08	0.4255233537
0.08	0.4255233537
0.08	0.4255233537
0.1	0.4990419486
0.1	0.4990419486
0.1	0.4990419486
0.1	0.4990419486
0.2	0.7336133492
0.2	0.7336133492
0.2	0.7336133492
0.4	1.0235482716
0.4	1.0235482716
0.4	1.0235482716
0.5	1.1381651173
0.5	1.1381651173
0.5	1.1381651173
0.5	1.1381651173
0.6	1.2403720515999999
0.6	1.2403720515999999
0.6	1.2403720515999999
0.8	1.4279835384000001
0.8	1.4279835384000001
0.8	1.4279835384000001
1.0	1.6109881522999998
5.0	4.1405314133
10.0	5.1015640546
20.0	5.7575415773000005
30.0	6.0782591101999985
40.0	6.2750365336
50.0	6.4008963302
60.0	6.5333415081
70.0	6.6365040219
80.0	6.7102383626
90.0	6.7756874766
100.0	6.8374611914
150.0	7.0432076741
200.0	7.1847981742
250.0	7.274904479400001
300.0	7.367343363200001
350.0	7.414255602000001
400.0	7.4317700184
450.0	7.4665944535
500.0	7.4939590084
550.0	7.5244440201
600.0	7.561642531
650.0	7.571630893200001
700.0	7.5742186332
750.0	7.600415421599998
800.0	7.6012094102
850.0	7.6259757501
900.0	7.6297802074
950.0	7.636461777899999
1000.0	7.6452763303
1500.0	7.7142638957
2000.0	7.755793335800001
2500.0	7.7976699634000015
3000.0	7.8169859539
3500.0	7.848107627
4000.0	7.8639530524
4500.0	7.903184629400001
5000.0	7.9180881062
5500.0	7.9404695594
6000.0	7.9533227469
6500.0	7.961048297
7000.0	7.989199085
7500.0	8.001134799099999
8000.0	8.0167226794
8500.0	8.0245901463
9000.0	8.0293608261
9500.0	8.0495328498
10000.0	8.062576803999999
11000.0	8.110754375
12000.0	8.122795041
13000.0	8.142466176000001
14000.0	8.1416880008
15000.0	8.1789409013
16000.0	8.1794050266
17000.0	8.237466209299999
18000.0	8.2165070462
19000.0	8.2432105651
20000.0	8.2351447773
21000.0	8.2485326958
22000.0	8.2572159072
23000.0	8.2878483753
25000.0	8.2986697054
27000.0	8.3332625478
28000.0	8.361777444500001
30000.0	8.3871981728
35000.0	8.411688233200001
40000.0	8.4187699708
45000.0	8.4585902656
50000.0	8.507660230199999
55000.0	8.495223728200001
60000.0	8.5365890928
70000.0	8.5451248477
80000.0	8.6110455404
90000.0	8.590997505
100000.0	8.640418585299999
