ESWMinima	7
Con1Maxima	32
Pressure	Loading
1.0	2.6000754625
5.0	6.0663435236000005
10.0	10.0453996604
20.0	17.3045689267
30.0	21.5197217736
40.0	23.1502719733
50.0	24.0395768019
60.0	24.708612806399998
70.0	25.1519678573
80.0	25.5063302025
90.0	25.8267305275
100.0	26.0353820402
150.0	26.890898830700003
200.0	27.443651963
250.0	27.7449845469
300.0	28.0058330237
350.0	28.2199990546
400.0	28.3803241104
450.0	28.432615040399998
500.0	28.5502030407
550.0	28.6662862679
600.0	28.7137343923
650.0	28.821224462399996
700.0	28.8820552494
750.0	28.933127384299997
800.0	29.0033800458
850.0	29.0279841515
900.0	29.1156256673
950.0	29.1571282667
1000.0	29.161001405700002
1500.0	29.500312072
2000.0	29.6547650384
2500.0	29.8810365042
3000.0	29.9392228177
3500.0	30.1535601985
4000.0	30.1874740512
4500.0	30.2348305784
5000.0	30.3189917966
5500.0	30.387324865700002
6000.0	30.4578120475
6500.0	30.4644500787
7000.0	30.4796271773
7500.0	30.651800643
8000.0	30.5250554261
8500.0	30.6917038452
9000.0	30.668808500500003
9500.0	30.5888323255
10000.0	30.7400880769
11000.0	30.770647578000002
12000.0	30.947482234200002
13000.0	30.8850579724
14000.0	30.9571544218
15000.0	30.895092600399998
16000.0	30.982118599099998
17000.0	31.0871505486
18000.0	31.2096262319
19000.0	31.128700131
20000.0	31.2064148035
21000.0	31.163245688299998
22000.0	31.2125557621
23000.0	31.2873835444
25000.0	31.1415568995
27000.0	31.304814644
28000.0	31.313988574499998
30000.0	31.391400028699998
35000.0	31.434183014400002
40000.0	31.590097192600002
45000.0	31.5271762529
50000.0	31.6188634422
55000.0	31.678140235700003
60000.0	31.608816969699998
70000.0	31.6913112773
80000.0	31.833364276599998
90000.0	31.79148147
100000.0	31.79148147
