ESWMinima	29
Con1Maxima	45
Pressure	Loading
1.0	0.003718987
5.0	0.0185574923
10.0	0.0374286952
15.0	0.056090083
20.0	0.0751235382
25.0	0.09406928949999999
30.0	0.11362896869999999
35.0	0.1340100296
40.0	0.15321720630000002
45.0	0.1717682895
50.0	0.19431429
55.0	0.2152661016
60.0	0.23721065510000003
65.0	0.2573876356
70.0	0.2799046263
75.0	0.2992258181
80.0	0.3220632658
85.0	0.3441943589
90.0	0.3684812839
95.0	0.39227133200000003
100.0	0.41597806130000003
150.0	0.6748408106999999
200.0	0.9822770728
250.0	1.3798565209
300.0	1.8545804099
350.0	2.7306037460000003
400.0	22.2939135916
450.0	23.0907867637
500.0	23.6686667515
550.0	24.1148328679
600.0	24.5047547446
650.0	24.829102025
700.0	25.1313327172
750.0	25.3854574265
800.0	25.754797872399998
850.0	26.067750378899998
900.0	26.5087099134
950.0	27.440072788600002
1000.0	29.8199411437
1500.0	35.8849987906
2000.0	37.2613771731
2500.0	39.8283009627
3000.0	44.6326817087
3500.0	45.9127540124
4000.0	46.299052027200005
4500.0	46.589549947799995
5000.0	46.6005126108
5500.0	46.9047662296
6000.0	47.2112957672
6500.0	47.466636863599994
7000.0	47.5762948649
7500.0	47.5784857783
8000.0	47.7039052009
8500.0	48.0055003764
9000.0	47.9872910015
9500.0	48.06844587649999
10000.0	48.3232202701
12000.0	48.287616155500004
14000.0	48.8730100151
15000.0	48.8739541824
20000.0	49.5470584539
25000.0	49.872152567600004
30000.0	50.0900700287
35000.0	49.9316614201
40000.0	50.6899046896
45000.0	50.860593545200004
50000.0	51.016303906400005
60000.0	51.577786281499996
70000.0	51.437183946800005
80000.0	51.93792927609999
90000.0	51.72251475229999
100000.0	52.0610036285
