ESWMinima	16
Con1Maxima	34
Pressure	Loading
1.0	1.4497399507
5.0	3.3774261423
10.0	4.3577685558
20.0	5.5209590645
30.0	6.3933384745
40.0	7.149521639
50.0	7.8178266871
60.0	8.449545475299999
70.0	9.0568539699
80.0	9.6316530048
90.0	10.1884963827
100.0	10.7236050468
150.0	13.775941615299999
200.0	16.699774088399998
250.0	18.32344801
300.0	19.156976301700002
350.0	19.740361303900002
400.0	20.1454813573
450.0	20.4671911792
500.0	20.7043339545
550.0	20.8665488948
600.0	21.0785556501
650.0	21.1916911674
700.0	21.357332575999997
750.0	21.4467422896
800.0	21.5585935834
850.0	21.628831459
900.0	21.7067675518
950.0	21.820185559899997
1000.0	21.858166875
1500.0	22.3819989678
2000.0	22.708529993699997
2500.0	22.9758223391
3000.0	23.204758815599998
3500.0	23.319032242
4000.0	23.3933476027
4500.0	23.501470757399996
5000.0	23.5992847783
5500.0	23.7656857064
6000.0	23.7578039112
6500.0	23.8464250617
7000.0	23.8818697134
7500.0	23.9352345851
8000.0	23.995049618099998
8500.0	24.0077310173
9000.0	24.0416321073
9500.0	24.079816865
10000.0	24.1968956089
11000.0	24.1319018972
12000.0	24.2349770698
13000.0	24.249461916599998
14000.0	24.278654643699998
15000.0	24.3567193781
16000.0	24.367976541300003
17000.0	24.412244578499998
18000.0	24.4538581336
19000.0	24.524923890900002
20000.0	24.498512506500003
21000.0	24.519041999200002
22000.0	24.484675388400003
23000.0	24.616255007800003
25000.0	24.6404089317
27000.0	24.6373039987
28000.0	24.683585091199998
30000.0	24.661756579200002
35000.0	24.7590389091
40000.0	24.777837563200002
45000.0	24.8614049777
50000.0	24.8741504921
55000.0	24.8799148391
60000.0	24.914875201199997
70000.0	24.9561985936
80000.0	25.058409031999997
90000.0	25.0898904553
100000.0	25.0898904553
