ESWMinima	37
Con1Maxima	50
Pressure	Loading
1.0	0.6294947625
5.0	1.9816989789
10.0	2.7085671925
15.0	3.0960783574
20.0	3.3276505446
25.0	3.496966024
30.0	3.6419341097
35.0	3.7439725949000002
40.0	3.8531892134
45.0	3.9401861881999998
50.0	4.0303003517
55.0	4.0984560706
60.0	4.1787204552
65.0	4.2497982698
70.0	4.3303200912
75.0	4.39990273
80.0	4.4623319582
85.0	4.5329696042
90.0	4.612296145
95.0	4.6864132186
100.0	4.7562780167000005
150.0	5.5961738807
200.0	6.9045514987
250.0	12.142569533
300.0	24.1664064228
350.0	25.9850662206
400.0	27.096041414000002
450.0	27.9992323322
500.0	28.836937564899998
550.0	29.6033731147
600.0	30.324181620900003
650.0	31.1002551958
700.0	31.803544026599997
750.0	32.5492271613
800.0	33.4390845734
850.0	34.0805471908
900.0	34.7575672573
950.0	35.413006703899995
1000.0	35.9772006625
1500.0	38.891249710100006
2000.0	40.2673326669
2500.0	41.3041241435
3000.0	42.2542642232
3500.0	42.859517469000004
4000.0	43.4099081935
4500.0	43.752884943199994
5000.0	44.7247512908
5500.0	45.526019812200005
6000.0	45.713769700600004
6500.0	45.8535433675
7000.0	46.461473633500006
7500.0	46.2412007179
8000.0	46.975219117399995
8500.0	46.939456901199996
9000.0	47.1280452059
9500.0	47.4245065133
10000.0	47.2633037863
12000.0	47.181344295900004
14000.0	48.1786270179
15000.0	48.074351681
20000.0	48.4987295143
25000.0	48.2404102356
30000.0	49.112998422299995
35000.0	48.802452259
40000.0	48.927276856300004
45000.0	49.551341798500005
50000.0	49.5357800401
60000.0	49.681201193
70000.0	49.493462591000004
80000.0	49.5910101747
90000.0	49.9276337713
100000.0	49.445289664099995
