ESWMinima	6
Con1Maxima	31
Pressure	Loading
1.0	1.1810553862
5.0	2.3157920957
10.0	4.1117485317
20.0	18.267344751
30.0	21.8911465258
40.0	23.1469706676
50.0	23.9007730562
60.0	24.3634047493
70.0	24.732015770900002
80.0	25.006009670799997
90.0	25.2050947939
100.0	25.4174013278
150.0	26.088785192
200.0	26.5143104021
250.0	26.768029286300003
300.0	26.991193191799997
350.0	27.1631717525
400.0	27.2816420192
450.0	27.39870649
500.0	27.4595348301
550.0	27.573353614699997
600.0	27.6204842856
650.0	27.7426435675
700.0	27.740706464099997
750.0	27.7947823594
800.0	27.8681268501
850.0	27.9278860608
900.0	27.9151033258
950.0	27.9748371953
1000.0	27.9975388876
1500.0	28.3063215469
2000.0	28.512283745100003
2500.0	28.620351136500002
3000.0	28.707786658499998
3500.0	28.7848543822
4000.0	28.921386670700002
4500.0	28.9410937987
5000.0	28.975245017800003
5500.0	29.047050778200003
6000.0	29.0865077708
6500.0	29.1718943013
7000.0	29.1971219593
7500.0	29.2490075533
8000.0	29.2392135842
8500.0	29.3039091873
9000.0	29.254943637100002
9500.0	29.2983180025
10000.0	29.347675912800003
11000.0	29.392810851799997
12000.0	29.419628351999997
13000.0	29.5517409522
14000.0	29.5238810241
15000.0	29.5766578576
16000.0	29.583046862699998
17000.0	29.621898456799997
18000.0	29.7027899195
19000.0	29.6836280582
20000.0	29.7142922763
21000.0	29.669261709
22000.0	29.671731408400003
23000.0	29.6761820217
25000.0	29.7661340601
27000.0	29.733890522800003
28000.0	29.7882359375
30000.0	29.8780333513
35000.0	30.020436652399997
40000.0	29.8757174175
45000.0	29.993710208899998
50000.0	30.0720726994
55000.0	30.0528266535
60000.0	30.099980303400002
70000.0	30.216282102399997
80000.0	30.2225474078
90000.0	30.267901828000003
100000.0	30.286572755999998
