ESWMinima	4
Con1Maxima	41
Pressure	Loading
1.0	9.5741609082
5.0	20.3769584733
10.0	26.2937958603
15.0	28.432188243800002
20.0	29.3524108173
25.0	29.896319084
30.0	30.2456197599
35.0	30.569392382600004
40.0	30.771036290900003
45.0	30.9920477618
50.0	31.112203533000002
55.0	31.2958724623
60.0	31.383431568699997
65.0	31.548962649099998
70.0	31.597001465399998
75.0	31.679383520300004
80.0	31.7875809054
85.0	31.9083436284
90.0	31.915680752300002
95.0	32.0208413569
100.0	32.1169984027
150.0	32.5803796817
200.0	32.9760558492
250.0	33.1416348264
300.0	33.3884601242
350.0	33.5391626918
400.0	33.6677182839
450.0	33.7396620536
500.0	33.880664278299996
550.0	33.9043231128
600.0	34.0038286829
650.0	33.9915969638
700.0	34.113790681
750.0	34.1779891674
800.0	34.3220916203
850.0	34.3571903219
900.0	34.367554481199996
950.0	34.4797440944
1000.0	34.4320811953
1500.0	34.7460473143
2000.0	34.8713245684
2500.0	35.1358707434
3000.0	35.3058898148
3500.0	35.438413790300004
4000.0	35.5504163779
4500.0	35.456998986799995
5000.0	35.6450894528
5500.0	35.7228460468
6000.0	35.9198241655
6500.0	35.804582635500005
7000.0	36.0386144118
7500.0	35.9779279416
8000.0	35.9531572175
8500.0	36.216482542899996
9000.0	36.1654463417
9500.0	36.2631358772
10000.0	36.1986406796
12000.0	36.3716519522
14000.0	36.5950288711
15000.0	36.6040676786
20000.0	36.7746903324
25000.0	37.087409061399995
30000.0	37.2512714262
35000.0	37.3719265369
40000.0	37.5722458192
50000.0	37.9109414006
60000.0	37.8217917995
70000.0	38.0456856304
80000.0	38.1183338561
90000.0	38.2980214429
100000.0	38.2980214429
