ESWMinima	25
Con1Maxima	44
Pressure	Loading
1.0	0.0867032458
5.0	0.4364235645
10.0	0.8727101239
15.0	1.3171677439
20.0	1.7629578723
25.0	2.2197254712
30.0	2.6650465644
35.0	3.0689833495
40.0	3.5154658167000004
45.0	3.8984656913999998
50.0	4.3051620805
55.0	4.7188057482
60.0	5.1263943767
65.0	5.5672204684
70.0	6.0158599123
75.0	6.4590029011
80.0	6.9128105078
85.0	7.389041440700001
90.0	7.9049885676
95.0	8.4008221147
100.0	8.9790771334
150.0	33.2440192278
200.0	37.5653035387
250.0	39.5965677248
300.0	40.9363512194
350.0	42.2800082359
400.0	43.2968559849
450.0	44.0514448207
500.0	44.7845497009
550.0	45.436663618000004
600.0	46.344841478599996
650.0	46.6901517942
700.0	47.3043235947
750.0	47.838307935100005
800.0	48.324160102
850.0	48.7397233034
900.0	49.3564860112
950.0	49.6169926246
1000.0	49.9916083739
1500.0	54.1612145801
2000.0	60.099002078599995
2500.0	63.3140466499
3000.0	64.3774595464
3500.0	64.7931137595
4000.0	65.3461981997
4500.0	65.7143573209
5000.0	65.8347436621
5500.0	66.14763529449999
6000.0	65.9385795304
6500.0	66.603265735
7000.0	66.657108241
7500.0	66.812086819
8000.0	66.8633374426
8500.0	66.9031869038
9000.0	67.4044362955
9500.0	67.3996854862
10000.0	67.40549528140001
12000.0	67.8969134621
14000.0	68.10183794640001
15000.0	68.2081928878
20000.0	68.6431922821
25000.0	69.22793383279999
30000.0	69.3117653353
35000.0	70.0193745954
40000.0	70.18561391770001
50000.0	70.2848055904
60000.0	70.7687991688
70000.0	71.1329869307
80000.0	71.5458314833
90000.0	71.0482875669
100000.0	71.1501530324
