ESWMinima	31
Con1Maxima	44
Pressure	Loading
1.0	0.0259743902
5.0	0.1308273755
10.0	0.2638343423
15.0	0.40060555229999995
20.0	0.5412515140999999
25.0	0.6789318139
30.0	0.8215530304
35.0	0.9723291805
40.0	1.1176100173999999
45.0	1.2704103054
50.0	1.4205697386000002
55.0	1.5731276953
60.0	1.7283671269999998
65.0	1.8777930024
70.0	2.0320055766
75.0	2.1911704196
80.0	2.3518843911
85.0	2.5300168681999997
90.0	2.708759112
95.0	2.8811133245
100.0	3.0733241824
150.0	5.232317211
200.0	8.0445021949
250.0	11.8884398004
300.0	18.0627849763
350.0	27.712741224000002
400.0	36.7394492588
450.0	44.2264423536
500.0	48.6408529325
550.0	51.4984588886
600.0	52.847040719300004
650.0	53.8325394225
700.0	54.550477534799995
750.0	55.119328170600006
800.0	55.6506410911
850.0	56.096195618
900.0	56.4100300513
950.0	56.743517411099994
1000.0	57.0694528083
1500.0	58.852984972
2000.0	59.9164173483
2500.0	60.6803980921
3000.0	61.1558906466
3500.0	61.7246120082
4000.0	61.9781068832
4500.0	62.382852299899994
5000.0	62.5745216579
5500.0	62.7388429519
6000.0	63.1031049924
6500.0	63.3067179302
7000.0	63.5774274375
7500.0	63.629319689300004
8000.0	63.8013433799
8500.0	63.923165113900005
9000.0	63.9825849255
9500.0	64.2227699603
10000.0	64.1877222798
12000.0	64.6755022188
14000.0	64.9321528059
15000.0	65.2203138711
20000.0	65.755233033
25000.0	66.2907063597
30000.0	66.511117534
35000.0	67.1290548465
40000.0	67.28161233979999
50000.0	67.6983906082
60000.0	68.0811970912
70000.0	68.132945705
80000.0	68.2012516141
90000.0	68.8009144617
100000.0	68.7398117684
