ESWMinima	25
Con1Maxima	42
Pressure	Loading
1.0	0.6958923703000001
5.0	2.0522531822
10.0	3.1495734696
15.0	3.9624033525
20.0	4.6454331383
25.0	5.1899019414
30.0	5.6803126146
35.0	6.0690979602
40.0	6.5132069657
45.0	6.8854156873
50.0	7.203511002999999
55.0	7.60064921
60.0	7.9000848685000005
65.0	8.228101139
70.0	8.5533568814
75.0	8.8592151044
80.0	9.1501655301
85.0	9.4858051639
90.0	9.7905836862
95.0	10.135072938099999
100.0	10.509046855800001
150.0	15.1522827723
200.0	33.695641403
250.0	42.745143844699996
300.0	45.085427278699996
350.0	46.1206209555
400.0	46.5675952225
450.0	47.107208463599996
500.0	47.478332757
550.0	47.7791023132
600.0	48.081020665100006
650.0	48.221624315
700.0	48.5876395767
750.0	48.595673509899996
800.0	48.834852123800005
850.0	48.969040846000006
900.0	49.1476703978
950.0	49.2500583163
1000.0	49.366208872899996
1500.0	50.194300756000004
2000.0	50.739875079499996
2500.0	51.103372373
3000.0	51.501321537399996
3500.0	51.672054618699995
4000.0	51.80761687729999
4500.0	51.9866828188
5000.0	52.202432764099996
5500.0	52.46102853479999
6000.0	52.525847669499996
6500.0	52.708207261700004
7000.0	52.832109189300006
7500.0	52.5905827991
8000.0	52.8468667958
8500.0	52.9692522693
9000.0	53.015511752799995
9500.0	53.0765430254
10000.0	53.083969286000006
12000.0	53.57623570609999
14000.0	53.473638684300006
15000.0	53.940301033500006
20000.0	54.075966934600004
25000.0	54.4838679646
30000.0	55.114812828999995
35000.0	55.587759188999996
40000.0	55.2411603568
45000.0	55.8307773043
50000.0	55.6229998341
60000.0	55.3393934823
70000.0	56.6235074442
80000.0	55.709062779899995
90000.0	56.25282244979999
100000.0	56.929360576099995
