ESWMinima	28
Con1Maxima	44
Pressure	Loading
1.0	0.0776138913
5.0	0.387185734
10.0	0.7743983637999999
15.0	1.1644293001000001
20.0	1.5328359303999999
25.0	1.9296977857
30.0	2.2982664318
35.0	2.649342495
40.0	3.0728376979000003
45.0	3.3712893655
50.0	3.6889632787
55.0	4.103043634800001
60.0	4.3532133144
65.0	4.694699067
70.0	5.0286904684
75.0	5.386887542
80.0	5.6242118664
85.0	5.9711305915
90.0	6.3134424325
95.0	6.644174947000001
100.0	7.099705731799999
150.0	10.774006901199998
200.0	28.4493507233
250.0	35.2789159273
300.0	37.5725255256
350.0	39.2338835282
400.0	40.5686772408
450.0	41.4634770352
500.0	42.448823808
550.0	43.045786058000004
600.0	43.7206522908
650.0	44.4049455376
700.0	44.9356996802
750.0	45.433039505699995
800.0	46.0867290573
850.0	46.5140492418
900.0	47.0257995079
950.0	47.4613824981
1000.0	47.8444070516
1500.0	51.5574095041
2000.0	56.7399925657
2500.0	61.1925478186
3000.0	62.3644657066
3500.0	63.3709027095
4000.0	63.5867461727
4500.0	63.911026232
5000.0	64.26571595189999
5500.0	64.2305226629
6000.0	64.6614296082
6500.0	64.7499747629
7000.0	64.873011992
7500.0	65.22106226609999
8000.0	65.2928359042
8500.0	65.6338183192
9000.0	65.3550000204
9500.0	66.1552722428
10000.0	65.8275014796
12000.0	66.4220354137
14000.0	66.2289228307
15000.0	66.60103149
20000.0	67.1116559704
25000.0	67.6724899786
30000.0	68.3687960883
35000.0	68.22745811840001
40000.0	68.6113202872
45000.0	68.5426108609
50000.0	68.9669135813
60000.0	69.5794735339
70000.0	69.48820741029999
80000.0	69.4857957444
90000.0	69.6300826579
100000.0	69.9458962712
