ESWMinima	86
Con1Maxima	88
Pressure	Loading
0.01	0.012183736799999999
0.01	0.012183736799999999
0.01	0.012183736799999999
0.01	0.012183736799999999
0.02	0.024168221200000003
0.02	0.024168221200000003
0.02	0.024168221200000003
0.04	0.0429652055
0.04	0.0429652055
0.04	0.0429652055
0.05	0.048258992699999996
0.05	0.048258992699999996
0.05	0.048258992699999996
0.05	0.048258992699999996
0.06	0.0558650179
0.06	0.0558650179
0.06	0.0558650179
0.08	0.0737313988
0.08	0.0737313988
0.08	0.0737313988
0.1	0.0864133333
0.1	0.0864133333
0.1	0.0864133333
0.1	0.0864133333
0.2	0.140216954
0.2	0.140216954
0.2	0.140216954
0.4	0.1926972284
0.4	0.1926972284
0.4	0.1926972284
0.5	0.2161822031
0.5	0.2161822031
0.5	0.2161822031
0.5	0.2161822031
0.6	0.22787189600000002
0.6	0.22787189600000002
0.6	0.22787189600000002
0.8	0.2541090182
0.8	0.2541090182
0.8	0.2541090182
1.0	0.2661904322
5.0	0.3506754097
10.0	0.3922015298
20.0	0.4253366917
30.0	0.445626963
40.0	0.4672308323
50.0	0.4753718038000001
60.0	0.4853178881
70.0	0.5032796742
80.0	0.5097841838
90.0	0.5203525296
100.0	0.5284183628
150.0	0.5700763686
200.0	0.6080117595000001
250.0	0.6475118238
300.0	0.6869032172
350.0	0.7272902022
400.0	0.7678476304
450.0	0.811582108
500.0	0.8554932595999999
550.0	0.8997093195
600.0	0.9491771587
650.0	0.991028923
700.0	1.0376455915
750.0	1.0848365676
800.0	1.1318794779
850.0	1.1775818235
900.0	1.2273122282
950.0	1.2789953593
1000.0	1.3210727731999998
1500.0	1.8501840302
2000.0	2.4173129853
2500.0	3.035333891
3000.0	3.6905076834
3500.0	4.3755429938
4000.0	5.0411972306
4500.0	5.6432535633
5000.0	6.2428851011
5500.0	6.7846427502
6000.0	7.284854581799999
6500.0	7.781877639299999
7000.0	8.2772388762
7500.0	8.7585176504
8000.0	9.300506543400001
8500.0	9.8613050834
9000.0	10.534095219800001
9500.0	24.0363192828
10000.0	24.1304807779
15000.0	24.8856422863
20000.0	25.358409555999998
25000.0	25.635155051599998
30000.0	25.929456693400002
40000.0	26.2499055796
50000.0	26.4856197025
60000.0	26.6823737993
70000.0	26.812944066700002
80000.0	27.0006936201
90000.0	26.973046054
100000.0	26.939158285799998
