ESWMinima	12
Con1Maxima	32
Pressure	Loading
1.0	0.45820576820000003
5.0	1.943428025
10.0	3.4575271766
20.0	6.4362274422
30.0	10.1986383183
40.0	14.531235988099999
50.0	18.064230415
60.0	20.5222059655
70.0	22.400345175500004
80.0	23.811646415
90.0	24.9007690973
100.0	25.733448684699997
150.0	27.8197208003
200.0	28.7611600801
250.0	29.2993406939
300.0	29.762481090799998
350.0	30.042462817199997
400.0	30.264342348400003
450.0	30.4421806493
500.0	30.663514689
550.0	30.880456322399997
600.0	30.9930001306
650.0	31.108720366100002
700.0	31.233647802399997
750.0	31.343096993899998
800.0	31.3650127432
850.0	31.6387705678
900.0	31.673249309699997
950.0	31.9945487663
1000.0	32.5897771535
1500.0	34.0862285682
2000.0	34.1251529665
2500.0	34.3686126593
3000.0	34.4620091237
3500.0	34.4958852529
4000.0	34.5214445514
4500.0	34.558599565
5000.0	34.5820072649
5500.0	34.613349839499996
6000.0	34.6049723605
6500.0	34.635633866599996
7000.0	34.6442944575
7500.0	34.6517787275
8000.0	34.6424383585
8500.0	34.6773535107
9000.0	34.666477834
9500.0	34.6896726193
10000.0	34.663425800300004
11000.0	34.6982446893
12000.0	34.6978906059
13000.0	34.743663369400004
14000.0	34.7304838279
15000.0	34.7620798354
16000.0	34.7475304144
17000.0	34.7268020832
18000.0	34.7561517774
19000.0	34.7853270106
20000.0	34.8130874587
21000.0	34.7840386838
22000.0	34.7788889899
23000.0	34.7626321229
25000.0	34.8490960887
27000.0	34.8679007044
28000.0	34.7995636408
30000.0	34.8226668083
35000.0	34.872926004600004
40000.0	34.9179575673
45000.0	34.903934626
50000.0	34.9095947988
55000.0	35.0103072663
60000.0	35.0416111292
70000.0	35.0263143134
80000.0	35.4272673081
90000.0	35.1414616152
100000.0	35.1517393246
