ESWMinima	29
Con1Maxima	41
Pressure	Loading
1.0	1.8058030402
5.0	2.2566749791
10.0	2.7416279789
20.0	3.5872222338
30.0	4.2801085723000005
40.0	4.8559992625
50.0	5.3536488386
60.0	5.7782904521
70.0	6.1949433799
80.0	6.545661551699999
90.0	6.8465677916
100.0	7.1460842137
150.0	8.2836311217
200.0	9.0711232566
250.0	9.678992416
300.0	10.239967698
350.0	10.7583350307
400.0	11.258046544900001
450.0	11.8186774673
500.0	12.4184729295
550.0	13.1336860998
600.0	14.004424755999999
650.0	15.2199698882
700.0	17.2977437154
750.0	20.4442195174
800.0	23.332865178000002
850.0	25.1469039201
900.0	26.5011665584
950.0	27.3684704329
1000.0	28.1028959115
1500.0	31.436456566300002
2000.0	32.4242467637
2500.0	33.4191711714
3000.0	33.5301503717
3500.0	33.9870313031
4000.0	34.1518586275
4500.0	34.6946283283
5000.0	34.8254515381
5500.0	34.9736781362
6000.0	35.699593747399994
6500.0	35.2738371381
7000.0	35.841274135
7500.0	35.9859038059
8000.0	36.0169968993
8500.0	35.8545795302
9000.0	36.224182999899995
9500.0	36.358199977199995
10000.0	36.3649856078
15000.0	37.3093198044
20000.0	37.830068208200004
25000.0	38.040137195999996
30000.0	38.1689651451
40000.0	39.516594638899996
50000.0	39.5959363537
60000.0	39.8462264992
70000.0	39.9028774225
80000.0	40.4822592561
90000.0	39.5646876795
100000.0	41.0426536656
