ESWMinima	14
Con1Maxima	33
Pressure	Loading
1.0	0.8136573056999999
5.0	3.2973667784
10.0	5.724374847899999
20.0	9.6150406749
30.0	13.1133846678
40.0	15.3274172407
50.0	16.9913088234
60.0	18.5480751095
70.0	19.8511121452
80.0	20.9773566129
90.0	22.0903781191
100.0	23.312410391799997
150.0	29.770315260700002
200.0	31.901652119
250.0	33.0605781836
300.0	33.6404851399
350.0	34.2503118176
400.0	34.4823061378
450.0	34.8225478113
500.0	35.0649992843
550.0	35.36637768
600.0	35.3528266475
650.0	35.585698446
700.0	35.7033679639
750.0	35.8056515756
800.0	35.9145538195
850.0	36.005325624
900.0	36.0504755296
950.0	36.199210782899996
1000.0	36.3586431187
1500.0	36.8282865597
2000.0	37.1689841357
2500.0	37.4789072177
3000.0	37.7141400551
3500.0	37.8331343721
4000.0	38.098905170500004
4500.0	38.1468446633
5000.0	38.243103388899996
5500.0	38.5000779501
6000.0	38.5786868112
6500.0	38.6903191068
7000.0	38.555963556
7500.0	38.8984337884
8000.0	39.1256159232
8500.0	39.2051081625
9000.0	39.1528198959
9500.0	39.2156867105
10000.0	39.110654810999996
11000.0	39.2790598451
12000.0	39.3112690913
13000.0	39.826052783499996
14000.0	39.477051345
15000.0	39.6802412064
16000.0	39.7890141886
17000.0	39.7664303859
18000.0	39.8040911537
19000.0	39.8572268627
20000.0	39.9754354183
21000.0	40.1627663077
22000.0	40.2912160434
23000.0	40.107682554
25000.0	40.1385852371
27000.0	40.2545421705
28000.0	40.3427126487
30000.0	40.3907465402
35000.0	40.5292679675
40000.0	40.5649817633
45000.0	40.539686145
50000.0	40.7057397948
55000.0	40.8206905245
60000.0	40.6737054006
70000.0	40.822679332199996
80000.0	40.8507629286
90000.0	40.8261034285
100000.0	40.8261034285
