ESWMinima	24
Con1Maxima	43
Pressure	Loading
1.0	0.0589937854
5.0	0.29768914760000004
10.0	0.6067621301
15.0	0.9287941253
20.0	1.2824127835999999
25.0	1.6494284402000001
30.0	2.0593493571
35.0	2.5148789717
40.0	3.1295584081
45.0	3.8472210262
50.0	4.8474598539
55.0	6.0669819175
60.0	7.4050353795
65.0	8.5737194469
70.0	9.6473940338
75.0	10.5905254639
80.0	11.5681067049
85.0	12.411730775599999
90.0	13.3630527341
95.0	14.259456681300001
100.0	15.3757990381
150.0	31.914482760100004
200.0	36.0839645193
250.0	38.2304406094
300.0	39.6456342103
350.0	40.508903205500005
400.0	41.2656550874
450.0	41.8775463586
500.0	42.3256045026
550.0	42.725124209899995
600.0	43.1087188922
650.0	43.2120677837
700.0	43.813479343599994
750.0	43.83869735020001
800.0	44.0622957454
850.0	44.3157648641
900.0	44.291572794
950.0	44.559399068400005
1000.0	44.963791658299996
1500.0	46.756738148900006
2000.0	47.0940032711
2500.0	47.9670414918
3000.0	48.453313379499996
3500.0	48.8217980112
4000.0	48.9251301196
4500.0	49.185498187600004
5000.0	49.0287054932
5500.0	49.2452454092
6000.0	49.3362449848
6500.0	49.4303636962
7000.0	49.392375351700004
7500.0	49.4303734412
8000.0	49.6922920538
8500.0	49.6890913484
9000.0	49.62157443979999
9500.0	49.8994402745
10000.0	49.801322847
12000.0	50.204830442600006
14000.0	50.1920167934
15000.0	50.102855060799996
20000.0	50.485506098
25000.0	50.6525632104
30000.0	50.75232755020001
35000.0	50.84671804
40000.0	50.800819968599995
50000.0	51.01808246149999
60000.0	51.174448178599995
70000.0	51.244956815500004
80000.0	51.2666048879
90000.0	51.611651968500006
100000.0	51.611651968500006
