ESWMinima	25
Con1Maxima	46
Pressure	Loading
1.0	1.6312150588
5.0	4.6879403263
10.0	7.381215087899999
15.0	9.769513252100001
20.0	11.550708919000002
25.0	12.8106292209
30.0	13.691461654000001
35.0	14.321735812
40.0	16.0572236555
45.0	15.4625479784
50.0	15.989414975999999
55.0	16.4778321715
60.0	16.9202534181
65.0	17.3642175711
70.0	17.7823701592
75.0	19.4557631909
80.0	18.807951412999998
85.0	20.2195299374
90.0	19.621004478099998
95.0	21.1872422217
100.0	21.4393914242
150.0	24.9373336729
200.0	27.6414861119
250.0	29.642110638200002
300.0	30.3705165139
350.0	31.439176288899997
400.0	32.1590731042
450.0	32.686488912399994
500.0	33.289792143
550.0	33.816424025100005
600.0	34.2453513887
650.0	34.5378213387
700.0	34.9771436757
750.0	35.4167896864
800.0	36.069890003699996
850.0	36.4965123624
900.0	37.047567567600005
950.0	37.4445635036
1000.0	37.9003875804
1500.0	46.3481015012
2000.0	51.1666188592
2500.0	53.2107091925
3000.0	53.5733134074
3500.0	53.696952973
4000.0	54.6759813596
4500.0	54.372190318
5000.0	55.47741024
5500.0	55.7000078576
6000.0	56.0030149729
6500.0	56.2925194743
7000.0	55.769313293500005
7500.0	56.0347836283
8000.0	56.8388954447
8500.0	56.7024679662
9000.0	56.8880152491
9500.0	57.333014035
10000.0	56.79040053600001
12000.0	58.2329338546
14000.0	57.948802708900004
15000.0	58.0714968233
20000.0	58.8969972892
25000.0	59.036514322399995
30000.0	59.6696485324
35000.0	59.8163805553
40000.0	60.0466159963
45000.0	59.9272434338
50000.0	60.2146948842
60000.0	60.1774106813
70000.0	61.0465222643
80000.0	60.62590127520001
90000.0	60.7104118857
100000.0	61.1415039333
