ESWMinima	43
Con1Maxima	75
Pressure	Loading
0.01	0.9317708429000001
0.01	0.9317708429000001
0.01	0.9317708429000001
0.01	0.9317708429000001
0.02	1.0453719879
0.02	1.0453719879
0.02	1.0453719879
0.04	1.1945063774
0.04	1.1945063774
0.04	1.1945063774
0.05	1.2274595552
0.05	1.2274595552
0.05	1.2274595552
0.05	1.2274595552
0.06	1.2619259976000001
0.06	1.2619259976000001
0.06	1.2619259976000001
0.08	1.3528691753
0.08	1.3528691753
0.08	1.3528691753
0.1	1.4070095759
0.1	1.4070095759
0.1	1.4070095759
0.1	1.4070095759
0.2	1.7165978475
0.2	1.7165978475
0.2	1.7165978475
0.4	2.3458068868
0.4	2.3458068868
0.4	2.3458068868
0.5	2.6575204105
0.5	2.6575204105
0.5	2.6575204105
0.5	2.6575204105
0.6	3.0302823535
0.6	3.0302823535
0.6	3.0302823535
0.8	3.8128474337
0.8	3.8128474337
0.8	3.8128474337
1.0	4.6684959805
5.0	11.0377288517
10.0	12.477992436
20.0	13.1816642678
30.0	13.366435620799999
40.0	13.4611627953
50.0	13.516402951300002
60.0	13.5399166381
70.0	13.574261594100001
80.0	13.5931425501
90.0	13.6168512226
100.0	13.6208414424
150.0	13.658359774200001
200.0	13.708154303699999
250.0	13.740513413099999
300.0	13.7676499753
350.0	13.789355641300002
400.0	13.789431266600001
450.0	13.829533917200001
500.0	13.8174630315
550.0	13.845878313699998
600.0	13.933038026300002
650.0	14.0141882637
700.0	13.958985009200001
750.0	13.924926533199999
800.0	13.9658860424
850.0	13.9679479698
900.0	14.160727476500002
950.0	14.068871025
1000.0	14.1548899806
1500.0	14.370777105999998
2000.0	14.8060882046
2500.0	14.9353682286
3000.0	15.1051041249
3500.0	15.1804986418
4000.0	15.281057237899999
4500.0	15.3286253019
5000.0	15.379277373299999
5500.0	15.532537212100001
6000.0	15.4797414378
6500.0	15.5779700013
7000.0	15.6353153642
7500.0	15.667675232899999
8000.0	15.728490246600002
8500.0	15.6878159266
9000.0	15.7094128623
9500.0	15.7831219836
10000.0	15.797270058399999
11000.0	15.8449258204
12000.0	15.7787514355
13000.0	15.876369074400001
14000.0	15.8684029095
15000.0	15.8640398784
16000.0	15.8722160629
17000.0	15.936694801700002
18000.0	15.909033266500002
19000.0	15.9122259283
20000.0	15.929543658399998
21000.0	15.921654941
22000.0	15.952736925
23000.0	15.964636970499999
25000.0	15.955371053199999
27000.0	15.979319661199998
28000.0	15.9919673035
30000.0	15.9828189243
35000.0	16.005165279
40000.0	16.0448849438
45000.0	16.0999050576
50000.0	16.0320213595
55000.0	16.071633964500002
60000.0	16.0693160046
70000.0	16.0650121981
80000.0	16.1161412553
90000.0	16.1061660095
100000.0	16.1061660095
