ESWMinima	32
Con1Maxima	42
Pressure	Loading
1.0	0.9344363204
5.0	4.0159518507
10.0	5.8378294801
15.0	7.1184561788
20.0	8.0404604951
25.0	8.737420695900001
30.0	9.2805319563
35.0	9.7358684955
40.0	10.1372666749
45.0	10.5047098949
50.0	10.836435995599999
55.0	11.1607528777
60.0	11.4766256498
65.0	11.7820696255
70.0	12.0630925452
75.0	12.3746380883
80.0	12.678073836900001
85.0	12.9845167121
90.0	13.2957866162
95.0	13.600765694200001
100.0	13.9224463795
150.0	18.0471679749
200.0	23.8609991959
250.0	28.270086553800002
300.0	31.175440158
350.0	33.1556522041
400.0	34.528002258
450.0	35.7664828028
500.0	36.8416157172
550.0	38.0184904764
600.0	38.8626382898
650.0	39.8580150334
700.0	40.4662946863
750.0	40.9607672567
800.0	41.3517129434
850.0	41.635619333499996
900.0	41.8286502192
950.0	42.0555075054
1000.0	42.257220475100006
1500.0	43.4704121913
2000.0	44.0419172269
2500.0	44.7050676417
3000.0	44.838005954799996
3500.0	44.98310320109999
4000.0	45.16291508729999
4500.0	45.1825391529
5000.0	45.344988738599994
5500.0	45.3885646046
6000.0	45.463299196
6500.0	45.584004802399996
7000.0	45.625740999799994
7500.0	45.6236043694
8000.0	45.686631695900005
8500.0	45.7671489479
9000.0	45.837946306099994
9500.0	45.7426257919
10000.0	45.97024602689999
12000.0	45.9800686433
14000.0	46.0623382496
15000.0	46.4076225679
20000.0	46.783818921700004
25000.0	46.9023598824
30000.0	47.3423287686
35000.0	47.1515322554
40000.0	47.5525954191
50000.0	47.6949993096
60000.0	48.1633411151
70000.0	47.9681116543
80000.0	48.3640610995
90000.0	48.422042878
100000.0	48.327302746499996
