ESWMinima	42
Con1Maxima	61
Pressure	Loading
0.01	0.8313265346
0.01	0.8313265346
0.01	0.8313265346
0.02	0.944357468
0.02	0.944357468
0.04	1.1496139234
0.04	1.1496139234
0.05	1.2303824649
0.05	1.2303824649
0.05	1.2303824649
0.06	1.3076589525
0.06	1.3076589525
0.08	1.4390855266
0.08	1.4390855266
0.1	1.5506663699
0.1	1.5506663699
0.1	1.5506663699
0.2	1.9721162578
0.2	1.9721162578
0.4	2.4493195754
0.4	2.4493195754
0.5	2.6242921874
0.5	2.6242921874
0.5	2.6242921874
0.6	2.7717173144
0.6	2.7717173144
0.8	2.9892731131
0.8	2.9892731131
1.0	3.1601464725
5.0	4.756838724700001
10.0	5.8645190427
20.0	7.1009148898
30.0	7.8327218539
40.0	8.3574846404
50.0	8.8116268742
60.0	9.2015036915
70.0	9.5796387949
80.0	9.9918237483
90.0	10.4054585805
100.0	10.853316808399999
150.0	13.0543371943
200.0	13.9452078971
250.0	14.3808864247
300.0	14.5951469675
350.0	14.825564177999999
400.0	14.9327051242
450.0	15.0593749376
500.0	15.163936583499998
550.0	15.261331486600001
600.0	15.3033733203
650.0	15.384744727200001
700.0	15.4279434623
750.0	15.5163334324
800.0	15.5561997081
850.0	15.5773424875
900.0	15.630494421500002
950.0	15.6662981196
1000.0	15.7411699096
1500.0	16.0097850523
2000.0	16.2157405525
2500.0	16.3243029465
3000.0	16.4247979986
3500.0	16.4890231464
4000.0	16.573869590799998
4500.0	16.6500671776
5000.0	16.696558949
5500.0	16.7271592332
6000.0	16.7541813249
6500.0	16.7828924757
7000.0	16.8894883698
7500.0	16.882357033599998
8000.0	16.960309314
8500.0	16.959025794000002
9000.0	16.9155696996
9500.0	16.9995517973
10000.0	17.007957458299998
15000.0	17.2432281374
20000.0	17.4610745883
25000.0	17.5066148173
30000.0	17.604089729000002
40000.0	17.8094567379
50000.0	17.862565866700002
60000.0	18.0531064437
70000.0	18.2785968355
80000.0	18.1557006386
90000.0	18.2608998169
100000.0	18.3751292942
