ESWMinima	25
Con1Maxima	42
Pressure	Loading
1.0	1.3894709806
5.0	1.9523498995
10.0	2.446968079
15.0	2.8284206225
20.0	3.2193730778
25.0	3.5912797224
30.0	3.9553602703
35.0	4.2644559091000005
40.0	4.567973272300001
45.0	4.9163124231
50.0	5.177635351
55.0	5.470764644299999
60.0	5.7855726411
65.0	6.108246627000001
70.0	6.3651669947
75.0	6.6451966486
80.0	6.9587829433
85.0	7.2541999501
90.0	7.5481348465
95.0	7.8642537491999995
100.0	8.1559895817
150.0	12.4542254176
200.0	29.3042017758
250.0	31.715973196700002
300.0	32.928388780700004
350.0	33.6633310161
400.0	34.299603486
450.0	34.6769316072
500.0	35.0218222888
550.0	35.3807833228
600.0	35.5481182917
650.0	35.7560625304
700.0	35.9524097402
750.0	36.1443615926
800.0	36.2888615348
850.0	36.2773592503
900.0	36.553395794299995
950.0	36.571294700799996
1000.0	36.7289203232
1500.0	37.450450429600004
2000.0	38.0328605157
2500.0	38.2655701259
3000.0	38.459190806799995
3500.0	38.6716112957
4000.0	38.8649965011
4500.0	39.028311211100004
5000.0	39.0437434428
5500.0	39.4224683491
6000.0	39.5520308352
6500.0	39.5922168031
7000.0	39.5329368213
7500.0	39.6566207313
8000.0	39.7537346966
8500.0	39.7548904657
9000.0	39.8562596114
9500.0	39.9750844157
10000.0	40.0413167417
12000.0	40.2019575583
14000.0	40.414107111999996
15000.0	40.6726093208
20000.0	40.9737807942
25000.0	41.2079370548
30000.0	41.484839594499995
35000.0	41.854866867800006
40000.0	41.644148451
45000.0	41.8871331028
50000.0	42.0988654493
60000.0	42.1975075119
70000.0	42.3983780672
80000.0	42.2425686534
90000.0	42.5397148813
100000.0	42.7607881244
