ESWMinima	21
Con1Maxima	41
Pressure	Loading
1.0	1.2218538693
5.0	4.0246405718
10.0	6.9502571377999995
15.0	9.9547777018
20.0	13.462689839000001
25.0	16.855077526
30.0	19.7855634068
35.0	22.010061476300002
40.0	23.5353813966
45.0	24.721881285100004
50.0	25.722997303299998
55.0	26.7329642105
60.0	27.3172681506
65.0	28.1889187326
70.0	29.114825829
75.0	29.7382007314
80.0	30.898512272399998
85.0	31.7959534479
90.0	32.8304162309
95.0	33.7995147894
100.0	34.7348809348
150.0	38.9493014221
200.0	40.1130388347
250.0	40.771699696300004
300.0	41.236381168200005
350.0	41.5856108231
400.0	41.7300387235
450.0	41.9680241061
500.0	42.1952770508
550.0	42.3150505503
600.0	42.4648683043
650.0	42.5549526456
700.0	42.655407411
750.0	42.6835868338
800.0	42.8778077582
850.0	42.936758921599996
900.0	42.9984707276
950.0	43.0711824466
1000.0	43.1222373304
1500.0	43.6042378142
2000.0	43.9114121997
2500.0	44.1247610516
3000.0	44.3349434364
3500.0	44.3932109243
4000.0	44.6104272122
4500.0	44.73532654899999
5000.0	44.8532922858
5500.0	44.927589832299994
6000.0	44.929513462399996
6500.0	44.9616058613
7000.0	45.0282699917
7500.0	45.118089740100004
8000.0	45.212284781499996
8500.0	45.20314970020001
9000.0	45.385938370299996
9500.0	45.331561953299996
10000.0	45.394755825
12000.0	45.5219327351
14000.0	45.6153097869
15000.0	45.6678369366
20000.0	45.912062443800004
25000.0	46.039478582799994
30000.0	46.3001705251
35000.0	46.3751096659
40000.0	46.5431439722
45000.0	46.71804328020001
50000.0	46.585068962799994
60000.0	46.74150903100001
70000.0	46.9134764892
80000.0	47.0164002111
90000.0	47.061212088000005
100000.0	47.061212088000005
