ESWMinima	39
Con1Maxima	46
Pressure	Loading
1.0	0.4858240633
5.0	7.064493661499999
10.0	8.7822197995
15.0	9.058223058200001
20.0	9.2167361666
25.0	9.3771953846
30.0	9.5185783103
35.0	9.658271048
40.0	9.8258887087
45.0	9.957399317
50.0	10.1123074278
55.0	10.2616552257
60.0	10.4251449984
65.0	10.5815536572
70.0	10.7417827298
75.0	10.893277324000001
80.0	11.084506062200001
85.0	11.253946474500001
90.0	11.42605105
95.0	11.6193879201
100.0	11.781345845
150.0	13.7255332211
200.0	15.5693422181
250.0	17.1551950387
300.0	18.5948539741
350.0	19.8698153336
400.0	20.9701626122
450.0	21.9812613436
500.0	23.0031400857
550.0	23.8708435001
600.0	24.7883338097
650.0	25.6661746689
700.0	26.565323310300002
750.0	27.645563245
800.0	28.5416481908
850.0	29.7524450113
900.0	30.859319213499997
950.0	32.5895965614
1000.0	35.234313411399995
1500.0	44.0987061677
2000.0	46.7500935522
2500.0	49.16727392479999
3000.0	52.956494671499996
3500.0	54.7824388616
4000.0	55.3264179071
4500.0	55.7763282401
5000.0	56.0726818761
5500.0	56.5159345628
6000.0	56.5562523556
6500.0	56.6116106109
7000.0	56.83742560060001
7500.0	56.9280329263
8000.0	57.0240477483
8500.0	57.0820167731
9000.0	57.252707335299995
9500.0	57.4691231867
10000.0	57.3685956734
12000.0	57.6714891213
14000.0	57.8931081
15000.0	58.0518660832
20000.0	58.4381623849
25000.0	58.578895379799995
30000.0	58.633951684399996
35000.0	59.2932519898
40000.0	59.4374850361
45000.0	59.3472146434
50000.0	59.35355008609999
60000.0	59.604890963
70000.0	59.64312455899999
80000.0	60.354758088500006
90000.0	59.891206577
100000.0	59.891206577
