ESWMinima	22
Con1Maxima	68
Pressure	Loading
0.01	4.5052321148
0.01	4.5052321148
0.01	4.5052321148
0.01	4.5052321148
0.02	5.0802529584
0.02	5.0802529584
0.02	5.0802529584
0.04	5.8899712145
0.04	5.8899712145
0.04	5.8899712145
0.05	6.1031227149000005
0.05	6.1031227149000005
0.05	6.1031227149000005
0.05	6.1031227149000005
0.06	6.2940740789
0.06	6.2940740789
0.06	6.2940740789
0.08	6.4409246654
0.08	6.4409246654
0.08	6.4409246654
0.1	6.678805307899999
0.1	6.678805307899999
0.1	6.678805307899999
0.1	6.678805307899999
0.2	7.0282178986
0.2	7.0282178986
0.2	7.0282178986
0.4	7.222924544
0.4	7.222924544
0.4	7.222924544
0.5	7.252454342
0.5	7.252454342
0.5	7.252454342
0.5	7.252454342
0.6	7.3003215379999995
0.6	7.3003215379999995
0.6	7.3003215379999995
0.8	7.318040681
0.8	7.318040681
0.8	7.318040681
1.0	7.3754470321
5.0	7.7494269772000015
10.0	8.041647529
20.0	8.2759501794
30.0	8.4562288205
40.0	8.531545751
50.0	8.6524979592
60.0	8.695433564
70.0	8.7006855701
80.0	8.822495930499999
90.0	8.8397739574
100.0	8.809404518600003
150.0	8.9795418532
200.0	9.0796422563
250.0	9.0837158457
300.0	9.1670800227
350.0	9.2533938535
400.0	9.266118646799999
450.0	9.2848268773
500.0	9.3910731073
550.0	9.3177137331
600.0	9.3973035905
650.0	9.3209455748
700.0	9.3402470018
750.0	9.436354559
800.0	9.4076169941
850.0	9.4666242913
900.0	9.4537723253
950.0	9.513639957
1000.0	9.4890622934
1500.0	9.542331920399999
2000.0	9.5797522942
2500.0	9.6214136137
3000.0	9.6162843406
3500.0	9.6409730734
4000.0	9.6501927167
4500.0	9.6750162224
5000.0	9.6718846139
5500.0	9.7159169891
6000.0	9.6965008809
6500.0	9.7263631339
7000.0	9.6982136486
7500.0	9.6845683959
8000.0	9.6849914521
8500.0	9.7204656324
9000.0	9.7035384215
9500.0	9.7250488155
10000.0	9.6928286003
11000.0	9.688036372400001
12000.0	9.7350068881
13000.0	9.7103775276
14000.0	9.721436584500001
15000.0	9.7458745087
16000.0	9.7443777841
17000.0	9.7214158155
18000.0	9.7341752239
19000.0	9.7315664531
20000.0	9.746880452200001
21000.0	9.7438341773
22000.0	9.7372034387
23000.0	9.734399168200001
25000.0	9.7259096015
27000.0	9.748727089800001
28000.0	9.7279228429
30000.0	9.7307072474
35000.0	9.7461995892
40000.0	9.7478674326
45000.0	9.7485203025
50000.0	9.7515376814
55000.0	9.7417875248
60000.0	9.750288830599999
70000.0	9.7392338372
80000.0	9.740855176
90000.0	9.741296292100001
100000.0	9.741296292100001
