ESWMinima	14
Con1Maxima	32
Pressure	Loading
1.0	0.8080016473999999
5.0	4.0130529636
10.0	7.686224890399999
20.0	18.8271827865
30.0	22.4675039044
40.0	24.33704174
50.0	25.5326361435
60.0	26.4051450044
70.0	27.131398081999997
80.0	27.7365449697
90.0	28.2714139335
100.0	28.821381831700002
150.0	31.4745302576
200.0	34.47532498
250.0	36.2695757772
300.0	37.2041665338
350.0	37.7681664388
400.0	38.1469800378
450.0	38.4075574031
500.0	38.7458559971
550.0	38.821959497399995
600.0	38.9946800245
650.0	39.2106894463
700.0	39.3127574723
750.0	39.4100830647
800.0	39.4870652354
850.0	39.610263264400004
900.0	39.665274698699996
950.0	39.810131095500005
1000.0	39.847304787199995
1500.0	40.3324134327
2000.0	40.6014104711
2500.0	40.801056799
3000.0	40.9555923373
3500.0	41.1476099585
4000.0	41.130211551100004
4500.0	41.3149890142
5000.0	41.4362681642
5500.0	41.4228078643
6000.0	41.487627242399995
6500.0	41.4634038424
7000.0	41.6000988846
7500.0	41.6958360172
8000.0	41.6155912627
8500.0	41.704241209
9000.0	41.822062889
9500.0	41.7333768413
10000.0	41.9379721148
11000.0	41.9219094576
12000.0	41.8818718268
13000.0	42.0736973154
14000.0	42.0801233573
15000.0	42.0295061926
16000.0	42.1517105164
17000.0	42.103689590100004
18000.0	42.1317219894
19000.0	42.1702923142
20000.0	42.1755820811
21000.0	42.241158669899995
22000.0	42.144362360100004
23000.0	42.2831261937
25000.0	42.4127215059
27000.0	42.2555435317
28000.0	42.2971469825
30000.0	42.5046930832
35000.0	42.5661614598
40000.0	42.4789173248
45000.0	42.639736029299996
50000.0	42.613057125
55000.0	42.7345877608
60000.0	42.7348208899
70000.0	42.6478306882
80000.0	42.812831031500004
90000.0	42.7560705169
100000.0	42.8370654454
