ESWMinima	41
Con1Maxima	49
Pressure	Loading
1.0	0.8793571929999999
5.0	1.3364065318
10.0	1.6871535912
15.0	2.0498277587000002
20.0	2.4021475522
25.0	2.7583968642000003
30.0	3.1426161923
35.0	3.5146832064
40.0	3.8805797644
45.0	4.253126847
50.0	4.7398083695999995
55.0	5.1366290333
60.0	5.4044729837
65.0	5.764830681399999
70.0	6.111911425900001
75.0	6.2830104458000005
80.0	6.6009543667
85.0	6.7977565153
90.0	7.204096066799999
95.0	7.4225036163
100.0	7.5695621386
150.0	9.3940371092
200.0	10.6831434524
250.0	11.480147113
300.0	12.0421887373
350.0	12.411634836700001
400.0	12.714639636600001
450.0	13.055750108
500.0	13.227290271900001
550.0	13.6057974331
600.0	13.8653083021
650.0	14.0983338457
700.0	14.3352476663
750.0	14.6115961513
800.0	14.924548935
850.0	15.118572154
900.0	15.4597243302
950.0	15.6914181007
1000.0	15.9948302174
1500.0	47.7817330588
2000.0	51.289897342399996
2500.0	53.460843240699994
3000.0	54.9685661207
3500.0	56.1593408976
4000.0	57.584678734899995
4500.0	59.501963556899995
5000.0	64.1888207382
5500.0	65.0846995175
6000.0	65.5807724967
6500.0	65.9705830476
7000.0	66.0989490173
7500.0	66.2293293286
8000.0	67.014921167
8500.0	67.06684363720001
9000.0	67.1001991324
9500.0	67.5385318225
10000.0	67.4410065489
12000.0	67.8804995591
14000.0	68.56842710789999
15000.0	68.63927706770001
20000.0	69.6676756144
25000.0	70.0964769052
30000.0	70.1757415025
35000.0	71.3662187852
40000.0	71.2464773671
45000.0	71.3226673942
50000.0	72.00285360630001
60000.0	71.7791541817
70000.0	72.6535401631
80000.0	73.1681509238
90000.0	72.77959893090001
100000.0	72.8528501601
