ESWMinima	17
Con1Maxima	43
Pressure	Loading
1.0	0.0213246169
5.0	0.10629556
10.0	0.21333342800000002
20.0	0.42683285060000004
30.0	0.6435125501
40.0	0.8628225934
50.0	1.0843642284000001
60.0	1.3000311176000001
70.0	1.5137298147999998
80.0	1.7312440866999999
90.0	1.9548748584
100.0	2.1983816841999997
150.0	3.6244149716000003
200.0	6.0128072416
250.0	35.299515757399995
300.0	37.8971688395
350.0	39.6356988285
400.0	40.6740438091
450.0	41.1667686471
500.0	41.5767968162
550.0	41.9112066916
600.0	42.136257954499996
650.0	42.2122891376
700.0	42.407525778200004
750.0	42.5477030973
800.0	42.6471472224
850.0	42.7691660642
900.0	42.8201102903
950.0	42.9425249757
1000.0	42.9396672179
1500.0	43.4795633221
2000.0	43.875638073599994
2500.0	44.207567500799996
3000.0	44.4143017326
3500.0	44.782234118199995
4000.0	44.95257698859999
4500.0	45.3375252355
5000.0	45.763697354799994
5500.0	46.338137099399994
6000.0	46.4740221
6500.0	46.8255133145
7000.0	46.9390008214
7500.0	47.30907287270001
8000.0	47.813631755299994
8500.0	47.862525874300005
9000.0	47.942177280699994
9500.0	48.1048592391
10000.0	48.203912932
15000.0	49.0335203824
20000.0	49.5683811834
25000.0	49.7313918841
30000.0	50.0986554213
40000.0	50.3679070945
50000.0	50.598633828500006
60000.0	50.8267042441
70000.0	50.872078656499994
80000.0	51.055060651800005
90000.0	51.16265866689999
