ESWMinima	9
Con1Maxima	58
Pressure	Loading
0.01	3.4550624129000003
0.01	3.4550624129000003
0.01	3.4550624129000003
0.02	4.1225254102
0.02	4.1225254102
0.04	4.4593075443
0.04	4.4593075443
0.05	4.5302713246
0.05	4.5302713246
0.05	4.5302713246
0.06	4.5991520168
0.06	4.5991520168
0.08	4.6483403898
0.08	4.6483403898
0.1	4.6948023972
0.1	4.6948023972
0.1	4.6948023972
0.2	4.8058565794
0.2	4.8058565794
0.4	4.9486720998000004
0.4	4.9486720998000004
0.5	5.0236612981999995
0.5	5.0236612981999995
0.5	5.0236612981999995
0.6	5.0582397714
0.6	5.0582397714
0.8	5.1160808202
0.8	5.1160808202
1.0	5.182317891399999
5.0	5.5482949624
10.0	5.622428430599999
20.0	5.6637885493
30.0	5.6805198182000005
40.0	5.7020179189
50.0	5.715429928
60.0	5.7235458813
70.0	5.7276139215
80.0	5.7298181668
90.0	5.7478740087
100.0	5.757055250800001
150.0	5.7952606783
200.0	5.8133009974
250.0	5.824196725499999
300.0	5.8671259681
350.0	5.8696926325
400.0	5.8981244501
450.0	5.918062109299999
500.0	5.9242895363
550.0	5.947689844299999
600.0	5.9644221657
650.0	5.959920801
700.0	5.9955270056
750.0	5.9806935371000005
800.0	5.9735900554
850.0	6.0252193973
900.0	5.9919315574
950.0	6.0445327220000005
1000.0	6.0505152037
1500.0	6.1030076426
2000.0	6.1588938641
2500.0	6.1367826765
3000.0	6.1508528941
3500.0	6.189933784299999
4000.0	6.2002753597
4500.0	6.226268707899999
5000.0	6.2305366377
5500.0	6.2267677413
6000.0	6.2822648391
6500.0	6.2553132835000005
7000.0	6.274305956
7500.0	6.2692731968
8000.0	6.2613117485
8500.0	6.2985764648
9000.0	6.2741186951999985
9500.0	6.294497571699999
10000.0	6.2809940699
11000.0	6.3664675092
12000.0	6.3283246993
13000.0	6.3155321573
14000.0	6.3264094685000005
15000.0	6.3755266732
16000.0	6.330947535499999
17000.0	6.3456071611
18000.0	6.3907995831
19000.0	6.4147910751
20000.0	6.3763025528
21000.0	6.3692841179
22000.0	6.4050416703
23000.0	6.366579589500001
25000.0	6.3426196694
27000.0	6.3744544123
28000.0	6.3593034489
30000.0	6.4054335565999985
35000.0	6.430879329500001
40000.0	6.4370121724
45000.0	6.4098950617
50000.0	6.3888255497
55000.0	6.4899089289999985
60000.0	6.4480793097000015
70000.0	6.4838514641
80000.0	6.5659167161
90000.0	6.4664948083
100000.0	6.4664948083
