ESWMinima	26
Con1Maxima	46
Pressure	Loading
1.0	1.0369320421
5.0	1.7602870761000002
10.0	2.4980205234
15.0	3.2266115314999997
20.0	3.9234679527
25.0	4.6525513346
30.0	5.4053507171
35.0	6.130908422899999
40.0	6.7953562456
45.0	7.4555013026
50.0	7.9622834554
55.0	8.557565280499999
60.0	9.1691770001
65.0	9.6280127612
70.0	10.2193801151
75.0	10.8163171966
80.0	11.583648609
85.0	12.2837234731
90.0	13.309278880199999
95.0	14.957122610699999
100.0	17.5889326817
150.0	26.013766717800003
200.0	28.719232694499997
250.0	30.9500969435
300.0	32.9894758532
350.0	34.2864662823
400.0	35.2565670988
450.0	35.6839730043
500.0	36.1625902798
550.0	36.7115779671
600.0	37.069857905300005
650.0	37.3563533583
700.0	37.687297548400004
750.0	38.090493078
800.0	38.1124067106
850.0	38.3924922985
900.0	38.4134797282
950.0	38.6741976157
1000.0	39.1593493509
1500.0	41.482039797
2000.0	43.687239066000004
2500.0	44.645543929300004
3000.0	44.8649444566
3500.0	45.3296446688
4000.0	45.931368883699996
4500.0	46.05634324060001
5000.0	46.515228038900005
5500.0	46.382380206
6000.0	46.5712130321
6500.0	47.183449726000006
7000.0	47.165011231
7500.0	47.0743544216
8000.0	47.234785690600006
8500.0	47.0318886896
9000.0	47.4005144804
9500.0	47.634328948000004
10000.0	47.7733960014
12000.0	47.4507881387
14000.0	48.2684187287
15000.0	48.132372468199996
20000.0	48.6720590959
25000.0	48.7919185705
30000.0	48.9570839327
35000.0	48.97710162640001
40000.0	48.9923782215
45000.0	49.3468597766
50000.0	49.6872571418
60000.0	49.8991114414
70000.0	50.2679719103
80000.0	50.162213638599994
90000.0	50.0044764145
100000.0	50.4992574584
