ESWMinima	26
Con1Maxima	34
Pressure	Loading
1.0	2.2521187747
5.0	8.5181919152
10.0	12.1350302589
20.0	13.9126320382
30.0	14.920398575999998
40.0	15.7464235351
50.0	16.499959167100002
60.0	17.167978536
70.0	17.8314515401
80.0	18.4185767513
90.0	19.0267830686
100.0	19.647367611900002
150.0	22.7374738361
200.0	25.3763009858
250.0	27.0152138321
300.0	28.146300034899998
350.0	29.0115239677
400.0	29.7218986158
450.0	30.343521479
500.0	30.907000943499998
550.0	31.5237038312
600.0	32.2658586309
650.0	32.9763908727
700.0	33.8556847953
750.0	34.5498376123
800.0	35.216705769099995
850.0	35.704563689400004
900.0	36.0632261015
950.0	36.3037505013
1000.0	36.608047805700004
1500.0	37.7117985948
2000.0	38.3271741013
2500.0	38.7509314063
3000.0	39.0134185373
3500.0	39.2680406107
4000.0	39.3348481203
4500.0	39.5476645145
5000.0	39.640444942399995
5500.0	39.7878468223
6000.0	39.842328956799996
6500.0	39.9877523483
7000.0	40.0424622444
7500.0	40.0450923792
8000.0	40.166958168600004
8500.0	40.3540578089
9000.0	40.258308749499996
9500.0	40.3755941387
10000.0	40.414591176900004
11000.0	40.4003333331
12000.0	40.6989718298
13000.0	40.747806661599995
14000.0	40.6439915679
15000.0	40.7552654514
16000.0	40.88639217
17000.0	40.816557246
18000.0	40.8629519541
19000.0	40.9713255168
20000.0	40.917491073899996
21000.0	41.0033473317
22000.0	40.9895489661
23000.0	41.2458708928
25000.0	41.2557079673
27000.0	41.2780879321
28000.0	41.42231553
30000.0	41.5283827137
35000.0	41.5456936783
40000.0	41.5349649717
45000.0	41.7976750108
50000.0	41.6082758226
55000.0	41.7873867273
60000.0	41.9573497746
70000.0	42.1033721415
80000.0	42.2576963939
90000.0	42.1279876579
100000.0	42.1279876579
