ESWMinima	37
Con1Maxima	46
Pressure	Loading
1.0	0.2615291818
5.0	1.0506586281
10.0	1.6681806693
15.0	2.1281445012
20.0	2.6119205175999998
25.0	3.0276406032
30.0	3.3734143525
35.0	3.7605765965
40.0	4.0483657018
45.0	4.3195659825999995
50.0	4.5396607247
55.0	4.7681241236
60.0	5.0220563922000006
65.0	5.2300203108
70.0	5.4329029737
75.0	5.6338006776
80.0	5.813824682100001
85.0	5.9938693286
90.0	6.1992023939
95.0	6.3493021911000005
100.0	6.533645695700001
150.0	8.1870820009
200.0	9.7562537626
250.0	11.2697494525
300.0	12.745576198699998
350.0	14.300082169000001
400.0	15.9265294228
450.0	31.540199061
500.0	34.9090049257
550.0	36.4566184735
600.0	37.816805537600004
650.0	39.2975670479
700.0	40.978002392600004
750.0	41.7395608169
800.0	42.6113367421
850.0	43.441983196
900.0	44.1646421484
950.0	44.81078995
1000.0	45.4207190733
1500.0	49.954703254399995
2000.0	52.2990131975
2500.0	53.6428957637
3000.0	55.0530603824
3500.0	57.7096681158
4000.0	58.6948497284
4500.0	59.1414162515
5000.0	59.3864238617
5500.0	59.614341247
6000.0	59.873398718599994
6500.0	59.9871699688
7000.0	60.282454109300005
7500.0	60.3976856129
8000.0	60.5218657462
8500.0	60.4503213213
9000.0	60.6854767158
9500.0	60.737834756400005
10000.0	60.95791551520001
12000.0	61.110725404200004
14000.0	61.3891683553
15000.0	61.5169082308
20000.0	62.0038244911
25000.0	62.2342781761
30000.0	62.337048584499996
35000.0	62.63272092729999
40000.0	62.6473207976
45000.0	62.8882646018
50000.0	63.0787301171
60000.0	63.244570420200006
70000.0	63.4886964182
80000.0	63.5941256464
90000.0	63.51064216859999
100000.0	63.6985480788
