ESWMinima	26
Con1Maxima	87
Pressure	Loading
1.0	0.095547046
5.0	0.5115278665
5.0	0.5115278665
10.0	1.0771466006
10.0	1.0771466006000001
20.0	2.3904264193
20.0	2.3904264193
30.0	3.7578954652
30.0	3.7578954652
40.0	5.151983277
40.0	5.151983277
50.0	6.503750940900001
50.0	6.503750940900002
60.0	8.2787386917
60.0	8.2787386917
70.0	10.4823366356
70.0	10.4823366356
80.0	12.393442906099999
80.0	12.393442906099999
90.0	13.5332015056
90.0	13.5332015056
100.0	14.3943015131
100.0	14.3943015131
150.0	16.4327042448
150.0	16.4327042448
200.0	17.390486952899998
200.0	17.390486952899998
250.0	18.0499354276
250.0	18.0499354276
300.0	18.5121893884
300.0	18.5121893884
350.0	18.9607814668
350.0	18.9607814668
400.0	19.3212449396
400.0	19.3212449396
450.0	19.671147781600002
450.0	19.671147781600002
500.0	20.0260728115
500.0	20.0260728115
550.0	20.3158534816
550.0	20.3158534816
600.0	20.6255107657
600.0	20.6255107657
650.0	20.878465602000002
650.0	20.878465602000002
700.0	21.1655092168
700.0	21.1655092168
750.0	21.4876443465
750.0	21.4876443465
800.0	21.774662441
800.0	21.774662441
850.0	22.0352414754
850.0	22.0352414754
900.0	22.3604289427
900.0	22.3604289427
950.0	22.627435909699997
950.0	22.627435909699997
1000.0	22.9190513851
1000.0	22.9190513851
1500.0	25.8027660795
1500.0	25.8027660795
2000.0	28.8406565209
2000.0	28.8406565209
2500.0	31.695952203
2500.0	31.695952203
3000.0	34.4699544741
3000.0	34.4699544741
3500.0	37.1491567006
3500.0	37.1491567006
4000.0	39.7189665712
4000.0	39.7189665712
4500.0	42.1189742787
4500.0	42.1189742787
5000.0	44.7125153963
5000.0	44.7125153963
5500.0	49.821922790500004
5500.0	49.821922790500004
6000.0	65.3871208937
6000.0	65.3871208937
6500.0	70.9357373922
6500.0	70.9357373922
7000.0	74.0410631746
7000.0	74.0410631746
7500.0	86.5456529591
7500.0	86.5456529591
8000.0	89.692371119
8000.0	89.692371119
8500.0	90.1513292358
8500.0	90.1513292358
9000.0	90.4629276599
9000.0	90.4629276599
9500.0	90.82571348260001
9500.0	90.82571348260001
10000.0	90.92464250379999
10000.0	90.92464250379999
15000.0	92.7819529855
15000.0	92.7819529855
20000.0	93.9703442924
20000.0	93.9703442924
25000.0	94.7211560742
30000.0	95.3582370444
30000.0	95.3582370444
35000.0	95.8649708109
40000.0	96.13458953540001
45000.0	96.4448890812
50000.0	96.9698227407
50000.0	96.87161537770001
60000.0	97.22766808709999
70000.0	98.0107022963
80000.0	98.2653313724
100000.0	98.33630943120001
