ESWMinima	40
Con1Maxima	45
Pressure	Loading
1.0	0.7590630587999999
5.0	1.8975572158
10.0	2.6377206892
15.0	3.2191054834
20.0	3.6856937702
25.0	4.1238659718
30.0	4.4508645992
35.0	4.7767684901
40.0	5.0511678791
45.0	5.403438466900001
50.0	5.705454939
55.0	5.9706743283
60.0	6.2610378226
65.0	6.5555449355999995
70.0	6.752867680900001
75.0	7.0197221337
80.0	7.2552883928
85.0	7.4639909877
90.0	7.758021516
95.0	7.970947777999999
100.0	8.1832644118
150.0	10.5258031352
200.0	12.6206163893
250.0	14.6454272807
300.0	16.536422747899998
350.0	18.6418201849
400.0	20.4975087301
450.0	22.3256472699
500.0	24.226594314899998
550.0	25.5772917038
600.0	26.922743696199998
650.0	28.098805402399996
700.0	28.889784071599998
750.0	29.7165332766
800.0	30.443480974499998
850.0	31.1185672879
900.0	31.7167059246
950.0	32.4336786972
1000.0	33.056858043000005
1500.0	44.1938288106
2000.0	46.0524435711
2500.0	46.7656607376
3000.0	47.113501237
3500.0	47.805443306499996
4000.0	47.9363625336
4500.0	48.2613514263
5000.0	48.484772187299995
5500.0	48.6555121791
6000.0	48.867590520600004
6500.0	48.76987472020001
7000.0	49.0645975193
7500.0	49.2304412147
8000.0	49.324174605100005
8500.0	49.4375287581
9000.0	49.6677325128
9500.0	49.740384256599995
10000.0	49.6589405256
12000.0	50.1098319058
14000.0	50.4620765519
15000.0	50.46944100859999
20000.0	50.738821805
25000.0	51.2539502071
30000.0	51.229918997700004
35000.0	51.7759438749
40000.0	51.9013308653
45000.0	52.024651790600004
50000.0	51.9219737279
60000.0	52.367314712299994
70000.0	52.2226616183
80000.0	52.700896212299995
90000.0	52.692492978800004
100000.0	52.4912545306
