ESWMinima	32
Con1Maxima	60
Pressure	Loading
0.01	0.0187532586
0.01	0.0187532586
0.01	0.0187532586
0.02	0.0378602968
0.02	0.0378602968
0.04	0.0774924279
0.04	0.0774924279
0.05	0.0983536849
0.05	0.0983536849
0.05	0.0983536849
0.06	0.118741156
0.06	0.118741156
0.08	0.1617165784
0.08	0.1617165784
0.1	0.20397379870000001
0.1	0.20397379870000001
0.1	0.20397379870000001
0.2	0.42640542789999997
0.2	0.42640542789999997
0.4	0.9132624068999999
0.4	0.9132624068999999
0.5	1.1366834448999998
0.5	1.1366834448999998
0.5	1.1366834448999998
0.6	1.338090873
0.6	1.338090873
0.8	1.6191134071000002
0.8	1.6191134071000002
1.0	1.8170311878
5.0	2.8178671285
10.0	3.2545952895
20.0	3.6203625146
30.0	3.7869347557
40.0	3.8913787356
50.0	3.9550717011
60.0	4.00322728
70.0	4.0463627107
80.0	4.083345164100002
90.0	4.1014992726
100.0	4.1307714578
150.0	4.204147417
200.0	4.2666592576
250.0	4.2835723481
300.0	4.3195613559
350.0	4.3296089188
400.0	4.3517424614
450.0	4.3706444249
500.0	4.3824422063
550.0	4.386778723
600.0	4.3987601836
650.0	4.4200425631
700.0	4.4211567489
750.0	4.4348047539
800.0	4.4255914725
850.0	4.4434325373000005
900.0	4.4451409188
950.0	4.4521506006000005
1000.0	4.4587274895
1500.0	4.5122979158
2000.0	4.5473151673
2500.0	4.5793947997
3000.0	4.5774412312
3500.0	4.6059842046
4000.0	4.60999142
4500.0	4.6139841025
5000.0	4.643412919599999
5500.0	4.65782434
6000.0	4.6475749319
6500.0	4.6715232101
7000.0	4.6662000004
7500.0	4.6651483499
8000.0	4.6806790207
8500.0	4.6723784467
9000.0	4.6776156704
9500.0	4.6829409719
10000.0	4.6975437417000006
11000.0	4.6791618784
12000.0	4.6980299318
13000.0	4.7044052324
14000.0	4.7046813567
15000.0	4.6973460067
16000.0	4.7160141233
17000.0	4.7233899891
18000.0	4.7246210983
19000.0	4.7150868829000006
20000.0	4.7193681308
21000.0	4.7237892023
22000.0	4.7260873756
23000.0	4.7198926348
25000.0	4.7160927329
27000.0	4.7153737968
28000.0	4.7418555264
30000.0	4.7114287864
35000.0	4.7352085055
40000.0	4.7512836079000005
45000.0	4.7463620336000005
50000.0	4.7412480089
55000.0	4.7445044701
60000.0	4.7542756151
70000.0	4.7540441903
80000.0	4.7538176099000005
90000.0	4.7520749881
100000.0	4.7520749881
