ESWMinima	13
Con1Maxima	29
Pressure	Loading
1.0	0.0144758953
5.0	0.0736897507
10.0	0.1504531805
20.0	0.3160201934
30.0	0.49764972609999997
40.0	0.6997266876999999
50.0	0.9178055863
60.0	1.1611582953
70.0	1.4480839363
80.0	1.8255188487
90.0	2.3632907607
100.0	26.9557106623
150.0	28.6048668764
200.0	29.4687438523
250.0	30.062791822399998
300.0	30.621925832800002
350.0	31.235246648
400.0	31.2110224332
450.0	31.9673963215
500.0	32.1480666554
550.0	32.272306129099995
600.0	32.4277284529
650.0	32.4957834119
700.0	32.536621318099996
750.0	32.551994586999996
800.0	32.6374498607
850.0	32.6665294106
900.0	32.7073859503
950.0	32.7187713485
1000.0	32.7521400596
1500.0	32.9299037476
2000.0	33.0981276209
2500.0	33.1034442085
3000.0	33.3852187662
3500.0	33.295594732800005
4000.0	33.424502059299996
4500.0	33.802378252800004
5000.0	34.0697894812
5500.0	33.755302974
6000.0	34.0738034389
6500.0	34.1884093568
7000.0	34.387394388000004
7500.0	34.265727207
8000.0	34.3873020802
8500.0	34.5196921643
9000.0	34.5538027782
9500.0	34.5425300415
10000.0	34.6001321409
11000.0	34.713473556
12000.0	34.856075983400004
13000.0	34.8491311084
14000.0	35.031506748299996
15000.0	34.940957916500004
16000.0	34.9271214871
17000.0	35.0022457361
18000.0	35.0936006849
19000.0	35.008066290100004
20000.0	35.0832094593
21000.0	35.180991556500004
22000.0	35.2267779657
23000.0	35.2062277176
25000.0	35.2107014945
27000.0	35.3351009303
28000.0	35.2938467788
30000.0	35.3490904416
35000.0	35.4238368591
40000.0	35.5295780708
45000.0	35.5963235199
50000.0	35.6903359025
55000.0	35.6235663731
60000.0	35.7694540423
70000.0	35.7791950995
80000.0	35.8785074428
90000.0	35.953689599200004
100000.0	35.9400744793
