ESWMinima	42
Con1Maxima	45
Pressure	Loading
1.0	1.1144076233
5.0	1.955022386
10.0	2.7667036291000002
15.0	3.4155536054000004
20.0	4.053156809
25.0	4.60662613
30.0	5.1167746245
35.0	5.5742858780999995
40.0	5.9661404401
45.0	6.3538740721
50.0	6.688109348999999
55.0	7.024719021799999
60.0	7.3627226946
65.0	7.6463092998
70.0	7.904388255700001
75.0	8.1640654607
80.0	8.3655639424
85.0	8.6318561632
90.0	8.8516668026
95.0	9.0300060911
100.0	9.2931009964
150.0	11.0921461029
200.0	12.6670696884
250.0	14.1448048098
300.0	15.690842874200001
350.0	17.3959035723
400.0	18.883796205899998
450.0	20.4526652352
500.0	21.9763337335
550.0	23.4671712307
600.0	25.054327090799998
650.0	26.390543931
700.0	27.812109119000002
750.0	29.0641675667
800.0	30.3563732184
850.0	31.3790086554
900.0	32.4855561605
950.0	33.727960161599995
1000.0	34.885905524
1500.0	43.496077581099996
2000.0	62.346529303800004
2500.0	66.3893392616
3000.0	67.3112580355
3500.0	68.2299776557
4000.0	68.6451727841
4500.0	69.158071697
5000.0	69.2660622835
5500.0	69.7718631316
6000.0	69.85172248890001
6500.0	70.1773106757
7000.0	70.3376329464
7500.0	70.6038949384
8000.0	70.7887111702
8500.0	71.0787698168
9000.0	71.0939794306
9500.0	71.28050216369999
10000.0	71.2267599351
12000.0	71.6440672035
14000.0	72.08953552140001
15000.0	72.5374215359
20000.0	72.9808263251
25000.0	73.6044827871
30000.0	74.11811720109999
35000.0	74.1909687716
40000.0	74.33707326220001
45000.0	74.6109764174
50000.0	75.13919074520001
60000.0	75.1331515077
70000.0	75.5912561049
80000.0	75.9038548657
90000.0	75.9025231615
100000.0	75.69469030239999
