ESWMinima	16
Con1Maxima	34
Pressure	Loading
1.0	0.0256199794
5.0	0.12749842050000001
10.0	0.2576109507
20.0	0.5157669641
30.0	0.7799945628
40.0	1.0486175671
50.0	1.319746318
60.0	1.6022529328
70.0	1.8916803161000002
80.0	2.1865207179
90.0	2.4816971672999997
100.0	2.7967296487
150.0	4.7912221421
200.0	33.2190056219
250.0	35.3680010206
300.0	36.8539690258
350.0	37.953270125100005
400.0	38.6306615257
450.0	39.2014224687
500.0	39.598160522
550.0	39.9355485587
600.0	40.2973279176
650.0	40.4642662088
700.0	40.6251155983
750.0	40.6770633676
800.0	40.780888558
850.0	40.8811649556
900.0	41.1123559874
950.0	41.053457822199995
1000.0	41.0836761346
1500.0	41.5752848724
2000.0	41.8019765997
2500.0	42.2073190418
3000.0	42.5773001816
3500.0	42.7082881402
4000.0	42.96944585439999
4500.0	43.154976616899994
5000.0	43.137934780900004
5500.0	43.31339629
6000.0	43.37046919149999
6500.0	43.656487125299996
7000.0	43.6605537887
7500.0	43.6301041392
8000.0	43.970802867399996
8500.0	43.9465449362
9000.0	44.031586092
9500.0	43.9320064116
10000.0	44.418677251400005
15000.0	45.4534531463
20000.0	45.4938981837
25000.0	46.4904117275
30000.0	46.6614835128
40000.0	47.0776509096
50000.0	47.4921672897
60000.0	47.4394979109
70000.0	47.7885061068
80000.0	47.6577473208
90000.0	47.89558787479999
100000.0	47.848343148999994
