ESWMinima	19
Con1Maxima	39
Pressure	Loading
1.0	0.0780412675
5.0	0.3836276707
10.0	0.7571286437
15.0	1.1217880752
20.0	1.476082524
25.0	1.8512156662
30.0	2.2729027072
35.0	2.7122099272000004
40.0	3.1721221381
45.0	3.7404957016000004
50.0	4.3941290697
55.0	5.2023448601
60.0	6.2702405239
65.0	8.2299858621
70.0	26.7102664841
75.0	27.342889943400003
80.0	28.0286776284
85.0	28.4814254579
90.0	28.796817374
95.0	29.142626459000002
100.0	29.427910726700002
150.0	31.0617200358
200.0	31.929442516599998
250.0	32.4720313056
300.0	32.8396359735
350.0	33.136375419699995
400.0	33.2410542055
450.0	33.3698026967
500.0	33.509307341399996
550.0	33.6229618082
600.0	33.7015146387
650.0	33.6944693998
700.0	33.8318957156
750.0	33.8898914622
800.0	33.9426128611
850.0	33.9841390287
900.0	34.047364965300005
950.0	34.1208958969
1000.0	34.0471025185
1500.0	34.381026928800004
2000.0	34.5766926919
2500.0	34.6207837564
3000.0	34.6895156605
3500.0	34.7268539269
4000.0	34.837027849
4500.0	34.8147390327
5000.0	34.920199743400005
5500.0	34.9506835656
6000.0	34.985673557800006
6500.0	35.034005013000005
7000.0	34.9909008318
7500.0	35.0629191533
8000.0	35.0604838135
8500.0	35.0714724199
9000.0	35.112644492600005
9500.0	35.135460701999996
10000.0	35.1029481243
12000.0	35.2023996362
14000.0	35.2070395292
15000.0	35.259532224299996
20000.0	35.310902230399996
25000.0	35.3986565294
30000.0	35.51018726
35000.0	35.5376971015
40000.0	35.5500900066
45000.0	35.6515232002
50000.0	35.619473862
60000.0	35.6213476489
70000.0	35.6911580844
80000.0	35.6812242643
90000.0	35.7846112286
100000.0	35.7846112286
