ESWMinima	24
Con1Maxima	46
Pressure	Loading
1.0	0.8954356606
5.0	1.7311274815
10.0	2.6933764919
15.0	3.7032694874
20.0	4.7078257486
25.0	5.6423054069
30.0	6.4358167814
35.0	7.137020907
40.0	7.751213666
45.0	8.334962904700001
50.0	8.9110612284
55.0	9.5050308058
60.0	10.144335525399999
65.0	10.8860422808
70.0	11.919947175799999
75.0	13.2403346425
80.0	15.1397089374
85.0	17.0344367871
90.0	18.525287748
95.0	19.6913265583
100.0	20.640345477
150.0	27.1786204521
200.0	30.463837263800002
250.0	32.0601914677
300.0	32.9263214708
350.0	33.6422036988
400.0	34.1170274458
450.0	34.5317507972
500.0	34.873650171
550.0	35.1879123895
600.0	35.4372317868
650.0	35.662903139099996
700.0	35.8809423684
750.0	36.1229777012
800.0	36.4245712425
850.0	36.5598571847
900.0	36.7846979898
950.0	37.0024904734
1000.0	37.2580698043
1500.0	39.657538966
2000.0	40.7944905405
2500.0	41.302230276100005
3000.0	41.670804115500005
3500.0	41.9966762379
4000.0	42.259106058
4500.0	42.5065603191
5000.0	43.0419085591
5500.0	43.3071686017
6000.0	42.981136557700005
6500.0	43.160617763999994
7000.0	43.612000993900004
7500.0	43.6302719429
8000.0	44.0307248942
8500.0	44.1579522191
9000.0	44.2067640793
9500.0	44.4778699803
10000.0	44.529775476400005
12000.0	44.8991188574
14000.0	44.905537514399995
15000.0	44.969746961599995
20000.0	45.267600752700005
25000.0	45.35318981819999
30000.0	45.561087634799996
35000.0	45.6974906325
40000.0	45.924994112700006
50000.0	45.8935387716
60000.0	45.9676670701
70000.0	46.1810743429
80000.0	46.4421404708
90000.0	46.311858728000004
100000.0	46.2087882998
