ESWMinima	29
Con1Maxima	45
Pressure	Loading
1.0	0.010966906
5.0	0.0548953085
10.0	0.108365216
15.0	0.16233871689999999
20.0	0.21673236140000002
25.0	0.2688361991
30.0	0.3241825229
35.0	0.37433903590000006
40.0	0.4306575749
45.0	0.476356755
50.0	0.5300828005
55.0	0.5866673661
60.0	0.6280423470000001
65.0	0.6791411684
70.0	0.7270691356
75.0	0.7775160349
80.0	0.8283080694
85.0	0.8749792234999999
90.0	0.9384821701
95.0	0.9876322197
100.0	1.0426010895
150.0	1.6207519853999999
200.0	2.320607054
250.0	3.2498127811
300.0	6.1740721459
350.0	23.9963519946
400.0	24.9931350001
450.0	25.6868135716
500.0	26.279382484299997
550.0	26.771329895700003
600.0	27.156801049099997
650.0	27.559351932800002
700.0	27.8595040257
750.0	28.0668690175
800.0	28.3979429086
850.0	28.5846714205
900.0	28.902238008
950.0	29.0145598577
1000.0	29.1748562231
1500.0	30.4868815199
2000.0	31.282957435100002
2500.0	31.755859461500002
3000.0	32.1110043016
3500.0	32.5188877773
4000.0	32.694165566799995
4500.0	32.9073252604
5000.0	32.9907927465
5500.0	33.1900978305
6000.0	33.198489125900004
6500.0	33.36648724
7000.0	33.4588358675
7500.0	33.6495895095
8000.0	33.6844139161
8500.0	33.6878015953
9000.0	33.830983017600005
9500.0	33.9833058194
10000.0	33.9644463878
12000.0	34.188226405
14000.0	34.384105943899996
15000.0	34.4528192019
20000.0	34.7234273844
25000.0	34.9601771047
30000.0	35.1528621533
35000.0	35.2813573614
40000.0	35.4627130035
45000.0	35.5882281344
50000.0	35.6463010504
60000.0	35.8475698596
70000.0	36.0529928328
80000.0	36.0562690848
90000.0	35.9921576294
100000.0	36.1206460844
