ESWMinima	9
Con1Maxima	51
Pressure	Loading
0.01	4.4286658266000005
0.01	4.4286658266000005
0.01	4.4286658266000005
0.02	5.2131971424
0.02	5.2131971424
0.04	5.6233602903
0.04	5.6233602903
0.05	5.7505081481
0.05	5.7505081481
0.05	5.7505081481
0.06	5.8098564746
0.06	5.8098564746
0.08	5.922849798
0.08	5.922849798
0.1	5.9893358971
0.1	5.9893358971
0.1	5.9893358971
0.2	6.2245100523
0.2	6.2245100523
0.4	6.5155902436
0.4	6.5155902436
0.5	6.576819821900001
0.5	6.576819821900001
0.5	6.576819821900001
0.6	6.6540032715
0.6	6.6540032715
0.8	6.8236380039
0.8	6.8236380039
1.0	6.8826294418
5.0	7.5466206453
10.0	7.8900009385
20.0	8.135556513
30.0	8.2550924222
40.0	8.347965008600001
50.0	8.4172308178
60.0	8.4432987676
70.0	8.5079698917
80.0	8.5685279534
90.0	8.5894246484
100.0	8.6166567216
150.0	8.676396006000001
200.0	8.737408882
250.0	8.754837595
300.0	8.8021092348
350.0	8.809268789299999
400.0	8.8108493759
450.0	8.8472838513
500.0	8.8308357908
550.0	8.8527573538
600.0	8.857835895700001
650.0	8.865032312
700.0	8.891259996
750.0	8.868425267300001
800.0	8.8664489756
850.0	8.8583787686
900.0	8.8733502187
950.0	8.8835916378
1000.0	8.8756557528
1500.0	8.9035899676
2000.0	8.9004793397
2500.0	8.9201020707
3000.0	8.9193128945
3500.0	8.9190456469
4000.0	8.9216279232
4500.0	8.9281178229
5000.0	8.9246508649
5500.0	8.926621013
6000.0	8.9327193963
6500.0	8.925913379299999
7000.0	8.9287871985
7500.0	8.928834672
8000.0	8.9312834641
8500.0	8.9329360987
9000.0	8.9316568288
9500.0	8.9288528236
10000.0	8.934468374
11000.0	8.932564968
12000.0	8.9331748622
13000.0	8.9278321444
14000.0	8.9349364064
15000.0	8.9348068318
16000.0	8.9299260028
17000.0	8.9346627359
18000.0	8.9318858184
19000.0	8.9318858184
20000.0	8.9329274417
21000.0	8.9329274417
22000.0	8.934955395700001
23000.0	8.9323443561
25000.0	8.934571698600003
27000.0	8.931343504099999
28000.0	8.9338735596
30000.0	8.936129944700001
35000.0	8.9346560338
40000.0	8.9349660075
45000.0	8.9337099159
50000.0	8.9359858488
55000.0	8.936066833
60000.0	8.935514465399999
70000.0	8.9354245451
80000.0	8.9361120724
90000.0	8.935025768200001
100000.0	8.9342460866
