ESWMinima	27
Con1Maxima	59
Pressure	Loading
0.01	1.865648322
0.01	1.865648322
0.01	1.865648322
0.01	1.865648322
0.02	2.9505849608999997
0.02	2.9505849608999997
0.02	2.9505849608999997
0.04	4.0406838925
0.04	4.0406838925
0.04	4.0406838925
0.05	4.3141202194
0.05	4.3141202194
0.05	4.3141202194
0.05	4.3141202194
0.06	4.5681878116000005
0.06	4.5681878116000005
0.06	4.5681878116000005
0.08	4.820731178
0.08	4.820731178
0.08	4.820731178
0.1	5.0126496787
0.1	5.0126496787
0.1	5.0126496787
0.1	5.0126496787
0.2	5.527910768
0.2	5.527910768
0.2	5.527910768
0.4	5.9530321513999995
0.4	5.9530321513999995
0.4	5.9530321513999995
0.5	6.0206720784000005
0.5	6.0206720784000005
0.5	6.0206720784000005
0.5	6.0206720784000005
0.6	6.1276392565
0.6	6.1276392565
0.6	6.1276392565
0.8	6.2357866626
0.8	6.2357866626
0.8	6.2357866626
1.0	6.312479380399999
5.0	6.8182349977999985
10.0	6.9646040429
20.0	7.1467230948000005
30.0	7.2362003973
40.0	7.2933601922000015
50.0	7.3251708433
60.0	7.3444772595
70.0	7.3986331398
80.0	7.3649344895
90.0	7.3785295462
100.0	7.445664278400002
150.0	7.4671480176
200.0	7.518405010599999
250.0	7.534902444400001
300.0	7.5626334817
350.0	7.576551597100001
400.0	7.5909032826
450.0	7.5688507008
500.0	7.6043330707
550.0	7.6075220295
600.0	7.5799570916
650.0	7.595966198099999
700.0	7.5922069011
750.0	7.6444534277
800.0	7.6167967571
850.0	7.6634126887
900.0	7.611918221
950.0	7.635187674
1000.0	7.687983849199999
1500.0	7.6908504971
2000.0	7.6955627676
2500.0	7.7692600461
3000.0	7.76365388
3500.0	7.808969599999999
4000.0	7.7549858848
4500.0	7.8660582687
5000.0	7.8098976461
5500.0	7.8121383676
6000.0	7.8330596621
6500.0	7.8047311988
7000.0	7.8525962412
7500.0	7.8836318171
8000.0	7.8446803047000015
8500.0	7.9736774638
9000.0	7.948278714500001
9500.0	7.9437663616
10000.0	7.925280720599999
11000.0	7.9314786625
12000.0	7.8708218896
13000.0	7.908100775399999
14000.0	7.9307438036
15000.0	7.929936156699999
16000.0	8.0714513437
17000.0	7.9974434701
18000.0	7.9804410078
19000.0	8.0548242876
20000.0	8.0548242876
21000.0	8.0886881233
22000.0	7.9222580274
23000.0	7.981831456599998
25000.0	7.926480225700001
27000.0	8.0443463158
28000.0	8.046244286
30000.0	8.046244286
35000.0	8.0439479764
40000.0	8.1281326992
45000.0	8.1204530742
50000.0	8.082417892
55000.0	8.0537055472
60000.0	8.233377562000001
70000.0	8.142753600299999
80000.0	8.032223636
90000.0	8.1861975239
100000.0	8.1153728757
