ESWMinima	24
Con1Maxima	44
Pressure	Loading
1.0	0.25786446550000003
5.0	1.5765031272999999
10.0	3.4849668976
15.0	5.5351708939
20.0	7.301716934400001
25.0	8.8762703352
30.0	9.516124334
35.0	9.9852758414
40.0	10.542314365900001
45.0	10.8707531044
50.0	11.297317740999999
55.0	11.653484669500001
60.0	11.9749519151
65.0	12.3488213451
70.0	12.7307385619
75.0	13.0655242421
80.0	13.5648410975
85.0	13.9198725639
90.0	14.3791956095
95.0	15.012968453
100.0	15.589846101
150.0	25.651209170100003
200.0	30.0996226642
250.0	31.4182913796
300.0	32.2647149464
350.0	32.9398246193
400.0	33.2198808407
450.0	33.7208478258
500.0	34.0304739586
550.0	34.4776938615
600.0	34.8564930187
650.0	36.248352547399996
700.0	36.229835781599995
750.0	36.514115471
800.0	37.376996193800004
850.0	37.9159631212
900.0	38.0684305991
950.0	43.255641071899994
1000.0	42.5638770164
1500.0	47.115304812299996
2000.0	53.8812048108
2500.0	55.1653165978
3000.0	55.737209107299996
3500.0	56.383515235299996
4000.0	56.6567417792
4500.0	56.868267371499996
5000.0	57.0461630008
5500.0	57.242941673999994
6000.0	57.3542648532
6500.0	57.5408553607
7000.0	57.604621557200005
7500.0	57.7341515746
8000.0	57.9117062835
8500.0	58.1002775102
9000.0	58.0208825097
9500.0	58.1267453279
10000.0	58.1076058894
12000.0	58.3486995146
14000.0	58.771281111899995
15000.0	58.6521656013
20000.0	59.059001936899996
25000.0	59.701876321099995
30000.0	59.181615872799995
35000.0	59.8146524033
40000.0	59.797366895399996
45000.0	60.1289002141
50000.0	60.055602334899994
60000.0	59.98175973439999
70000.0	60.5865177187
80000.0	60.9187178513
90000.0	60.6787775324
100000.0	60.721691236000005
