ESWMinima	39
Con1Maxima	73
Pressure	Loading
0.01	0.10318750060000001
0.01	0.10318750060000001
0.01	0.10318750060000001
0.01	0.10318750060000001
0.02	0.20934066420000003
0.02	0.20934066420000003
0.02	0.20934066420000003
0.04	0.4220001915
0.04	0.4220001915
0.04	0.4220001915
0.05	0.5336125878
0.05	0.5336125878
0.05	0.5336125878
0.05	0.5336125878
0.06	0.6467737869
0.06	0.6467737869
0.06	0.6467737869
0.08	0.8589439667000001
0.08	0.8589439667000001
0.08	0.8589439667000001
0.1	1.0743436948
0.1	1.0743436948
0.1	1.0743436948
0.1	1.0743436948
0.2	2.3872753722
0.2	2.3872753722
0.2	2.3872753722
0.4	5.3518241441
0.4	5.3518241441
0.4	5.3518241441
0.5	6.1804522027
0.5	6.1804522027
0.5	6.1804522027
0.5	6.1804522027
0.6	6.662953428
0.6	6.662953428
0.6	6.662953428
0.8	7.258374731
0.8	7.258374731
0.8	7.258374731
1.0	7.570264786699999
5.0	8.6494284452
10.0	8.9336040362
20.0	9.2154970207
30.0	9.3890924123
40.0	9.4714805439
50.0	9.5863619261
60.0	9.6549949721
70.0	9.7099970455
80.0	9.7535736172
90.0	9.797522237899999
100.0	9.8603195074
150.0	10.0299869252
200.0	10.1316141686
250.0	10.2295484699
300.0	10.2999353372
350.0	10.3566326551
400.0	10.4274826263
450.0	10.4341960384
500.0	10.5596342762
550.0	10.5631453985
600.0	10.5951650334
650.0	10.6458781757
700.0	10.668009512200001
750.0	10.645703533099999
800.0	10.68221429
850.0	10.6993625471
900.0	10.7276777129
950.0	10.750553945
1000.0	10.7477842384
1500.0	10.9078097716
2000.0	11.0175271245
2500.0	11.0177785404
3000.0	11.1080535754
3500.0	11.1638452743
4000.0	11.179572466400002
4500.0	11.1831083823
5000.0	11.2392676356
5500.0	11.2022716635
6000.0	11.2532538382
6500.0	11.3258060135
7000.0	11.265368341099999
7500.0	11.2959116691
8000.0	11.2574078543
8500.0	11.3149555494
9000.0	11.339999264400001
9500.0	11.3839996472
10000.0	11.356300624200001
11000.0	11.3745387124
12000.0	11.378292985999998
13000.0	11.4113989722
14000.0	11.501060909200001
15000.0	11.425627456099999
16000.0	11.4666721803
17000.0	11.55690872
18000.0	11.5420503915
19000.0	11.5653024424
20000.0	11.540923805
21000.0	11.5776305184
22000.0	11.567580409200001
23000.0	11.5348980892
25000.0	11.5148905206
27000.0	11.6005759116
28000.0	11.6367210716
30000.0	11.6228053351
35000.0	11.6116543029
40000.0	11.7016076735
45000.0	11.6955171464
50000.0	11.7633115596
55000.0	11.7271446508
60000.0	11.7632576226
70000.0	11.809112741
80000.0	11.7852421549
90000.0	11.9002970924
100000.0	11.9002970924
