ESWMinima	6
Con1Maxima	40
Pressure	Loading
1.0	3.8264745889
5.0	8.3221650913
10.0	11.7023650121
15.0	13.0989996329
20.0	13.837020988299999
25.0	14.2530581215
30.0	14.534846638900001
35.0	14.7943454896
40.0	15.028042593699999
45.0	15.150195018900002
50.0	15.274316828499998
55.0	15.4059085728
60.0	15.4698827371
65.0	15.604272710999998
70.0	15.684283011199998
75.0	15.737269496400002
80.0	15.839384660599999
85.0	15.8871736616
90.0	15.9339489274
95.0	15.997671313800002
100.0	16.0099605863
150.0	16.31179691
200.0	16.4572170054
250.0	16.6318222494
300.0	16.764840560899998
350.0	16.819020137
400.0	16.869949346400002
450.0	16.8855624535
500.0	16.9986149239
550.0	16.9910806722
600.0	17.066159646
650.0	17.065142860599998
700.0	17.0861889327
750.0	17.139629907899998
800.0	17.1980863098
850.0	17.249432796
900.0	17.2202698708
950.0	17.2402775442
1000.0	17.2873238482
1500.0	17.3744702093
2000.0	17.5273137881
2500.0	17.635876523900002
3000.0	17.6591837169
3500.0	17.7367714062
4000.0	17.805523773399997
4500.0	17.8541687671
5000.0	17.9313841493
5500.0	17.970333122
6000.0	17.9381944414
6500.0	18.007572723800003
7000.0	18.0603483046
7500.0	18.057374553800003
8000.0	18.1255627083
8500.0	18.1641310074
9000.0	18.1351538
9500.0	18.1639296897
10000.0	18.2180705709
12000.0	18.343144325999997
14000.0	18.313699643099998
15000.0	18.331014015999997
20000.0	18.4599661446
25000.0	18.4974060184
30000.0	18.680701914700002
35000.0	18.63238513
40000.0	18.623048169300002
50000.0	18.7941049917
60000.0	18.9350614106
70000.0	19.0314418947
80000.0	19.1261260807
90000.0	19.1573481118
100000.0	19.1573481118
