ESWMinima	32
Con1Maxima	36
Pressure	Loading
1.0	0.0267017083
5.0	0.1330893035
10.0	0.2643085217
20.0	0.5268223268
30.0	0.7851461045999999
40.0	1.0365210477
50.0	1.2822637524
60.0	1.5280574881
70.0	1.7703724883
80.0	2.0091922663
90.0	2.2627952956999997
100.0	2.5142259802
150.0	3.6974851273000002
200.0	4.8730072088
250.0	6.1594492122
300.0	7.662656235
350.0	9.563392193
400.0	11.8640241337
450.0	14.4766549102
500.0	17.4996594854
550.0	20.217801303599998
600.0	22.6540430804
650.0	24.7540369354
700.0	26.4495742177
750.0	28.2370659939
800.0	30.289612912800003
850.0	32.432254839
900.0	35.9743705834
950.0	40.853176862199994
1000.0	46.0912762128
1500.0	59.6329273624
2000.0	67.42889233359999
2500.0	76.34833810149999
3000.0	77.7164985905
3500.0	78.6752964773
4000.0	79.3021978056
4500.0	79.7664134939
5000.0	80.0381929355
5500.0	80.6148068708
6000.0	80.7578047997
6500.0	81.1512540129
7000.0	81.57879459739999
7500.0	81.6624691358
8000.0	81.53571197859999
8500.0	81.90122414380001
9000.0	82.0307970275
9500.0	82.5476848208
10000.0	82.56056344310001
11000.0	82.72172051220001
12000.0	82.9397997729
13000.0	84.4590367708
14000.0	83.5119445813
15000.0	83.25349126350001
16000.0	84.8393989201
17000.0	84.1749840115
18000.0	84.2099126818
19000.0	85.13125469239999
20000.0	85.95344214549999
21000.0	84.8022186107
22000.0	84.7454777749
23000.0	85.7010442297
25000.0	85.8846069926
27000.0	86.0596483847
28000.0	85.10953673770001
30000.0	85.7614969728
35000.0	86.1760411715
40000.0	86.8570442543
45000.0	86.7883692599
50000.0	87.39348315299999
55000.0	87.4365304427
60000.0	87.95015618549999
70000.0	88.0663605505
80000.0	88.5308812465
90000.0	88.4112711595
100000.0	89.18310762719999
