ESWMinima	37
Con1Maxima	77
Pressure	Loading
0.01	0.7956304589000001
0.01	0.7956304589000001
0.01	0.7956304589000001
0.01	0.7956304589000001
0.02	1.43968869
0.02	1.43968869
0.02	1.43968869
0.04	2.1535020825999998
0.04	2.1535020825999998
0.04	2.1535020825999998
0.05	2.3822231990000002
0.05	2.3822231990000002
0.05	2.3822231990000002
0.05	2.3822231990000002
0.06	2.533941778
0.06	2.533941778
0.06	2.533941778
0.08	2.8085075942
0.08	2.8085075942
0.08	2.8085075942
0.1	2.9759421273
0.1	2.9759421273
0.1	2.9759421273
0.1	2.9759421273
0.2	3.4271130770999996
0.2	3.4271130770999996
0.2	3.4271130770999996
0.4	3.7943874414
0.4	3.7943874414
0.4	3.7943874414
0.5	3.9012495773
0.5	3.9012495773
0.5	3.9012495773
0.5	3.9012495773
0.6	3.9675090114
0.6	3.9675090114
0.6	3.9675090114
0.8	4.1150630499
0.8	4.1150630499
0.8	4.1150630499
1.0	4.1753499851
5.0	4.5475207425
10.0	4.6229788695
20.0	4.6729395513
30.0	4.6970314074
40.0	4.713380455799999
50.0	4.7260062376
60.0	4.7435799636
70.0	4.7565308844
80.0	4.761377657
90.0	4.7623193825
100.0	4.7828782477
150.0	4.834130121499999
200.0	4.8920932973
250.0	4.9154440333
300.0	4.9688124
350.0	5.0061785783
400.0	5.0501794076
450.0	5.0522362402
500.0	5.140448495899999
550.0	5.1214139613
600.0	5.177052702
650.0	5.1819811938
700.0	5.2353610967
750.0	5.2406337937
800.0	5.28395688
850.0	5.2926158788
900.0	5.2801001017
950.0	5.4126188252
1000.0	5.3037380374000005
1500.0	5.5530574547
2000.0	5.6558114764
2500.0	5.7769612908
3000.0	5.777633193300001
3500.0	5.8514538476
4000.0	5.9589863414
4500.0	5.9070885338
5000.0	5.9846650362
5500.0	6.0302743287
6000.0	5.9749621268
6500.0	6.0539251522000015
7000.0	6.0087040861
7500.0	6.073101886900001
8000.0	6.0843287407
8500.0	6.0949552264
9000.0	6.1132251823
9500.0	6.0967692183
10000.0	6.1535006695000005
11000.0	6.1075257403
12000.0	6.0960564804
13000.0	6.1432327248
14000.0	6.1550590778
15000.0	6.158281893
16000.0	6.1599077812
17000.0	6.207944755900002
18000.0	6.1135942943
19000.0	6.17865473
20000.0	6.1413629823
21000.0	6.1803304317
22000.0	6.1715873003
23000.0	6.205782504199999
25000.0	6.2187041741
27000.0	6.1702455226
28000.0	6.2003256132
30000.0	6.2209981998
35000.0	6.223134965700001
40000.0	6.217561071
45000.0	6.2245216334
50000.0	6.2102726664
55000.0	6.2007029791
60000.0	6.202987157999999
70000.0	6.236651501
80000.0	6.2346873446
90000.0	6.227223434500001
100000.0	6.227223434500001
