ESWMinima	18
Con1Maxima	41
Pressure	Loading
1.0	0.0863377493
5.0	0.43834652979999994
10.0	0.9228913004000001
15.0	1.4576424962999999
20.0	2.0992708693
25.0	2.9249294226
30.0	3.9408924364999995
35.0	5.5307220179
40.0	8.156164560599999
45.0	26.495995860500003
50.0	29.5135988746
55.0	31.2286057663
60.0	32.3555496521
65.0	33.2184380604
70.0	33.9830726708
75.0	34.4947912624
80.0	35.0926096397
85.0	35.4239393005
90.0	35.7959315023
95.0	36.1071856425
100.0	36.3548846541
150.0	38.0444167688
200.0	38.9792497821
250.0	39.5561973692
300.0	40.0858800213
350.0	40.3443962256
400.0	40.777132499000004
450.0	41.04457307
500.0	41.2914779491
550.0	41.3975012185
600.0	41.6046898883
650.0	41.7085027762
700.0	41.8472280944
750.0	41.8108386652
800.0	42.058715215599996
850.0	42.1923156259
900.0	42.2590934154
950.0	42.4286861074
1000.0	42.4931034277
1500.0	42.9451547127
2000.0	43.3834320462
2500.0	43.639128259799996
3000.0	43.9253146788
3500.0	44.0017848159
4000.0	44.2133040987
4500.0	44.28785720729999
5000.0	44.518312871499994
5500.0	44.577356274799996
6000.0	44.6798427388
6500.0	44.785274429
7000.0	44.7922013632
7500.0	44.8012348845
8000.0	44.935159835
8500.0	44.9266243317
9000.0	45.0255276971
9500.0	44.9013681888
10000.0	45.063435545299996
12000.0	45.3003375059
14000.0	45.40067125189999
15000.0	45.528542018100005
20000.0	45.7014541807
25000.0	45.838420355
30000.0	46.029361388599995
35000.0	46.001734868199996
40000.0	46.1308419081
45000.0	46.310660376
50000.0	46.553709757200004
60000.0	46.763280174799995
70000.0	46.694241812200005
80000.0	46.915175683
90000.0	46.713005690299994
100000.0	46.766682811
