ESWMinima	30
Con1Maxima	52
Pressure	Loading
1.0	1.2368257361
5.0	3.4618308801
10.0	4.8195674615
20.0	6.5257860739
30.0	7.7168315864
40.0	8.4774377911
50.0	8.9866053787
60.0	9.4108138201
70.0	9.6957158246
80.0	9.967553399
90.0	10.1619566766
100.0	10.4036371387
150.0	11.1571570359
200.0	11.7227474226
250.0	12.189180736700001
300.0	12.6606190417
350.0	13.1042535534
400.0	13.494281398900002
450.0	13.8964683448
500.0	14.3181421321
550.0	14.696155407100001
600.0	15.1130386752
650.0	15.523888613299999
700.0	15.8906126575
750.0	16.2856926923
800.0	16.6117933093
850.0	16.9755707525
900.0	17.2854426876
950.0	17.5905025829
1000.0	17.891947273299998
1500.0	19.9895416379
2000.0	21.2221593152
2500.0	22.1485965623
3000.0	22.9080602836
3500.0	23.6153457639
4000.0	24.2765562749
4500.0	24.932347280100004
5000.0	25.6328541598
5500.0	26.2840315788
6000.0	26.967747674899996
6500.0	27.6501442934
7000.0	28.3179551271
7500.0	28.984825782399998
8000.0	29.597516053699998
8500.0	30.2251714093
9000.0	30.8450261836
9500.0	31.407810341799998
10000.0	31.942612551
15000.0	36.2860103697
20000.0	39.4387599498
25000.0	42.6592738936
30000.0	46.669189063900006
40000.0	80.54172890560001
50000.0	81.3866538374
60000.0	81.9587730154
70000.0	82.3746371151
80000.0	82.5973995625
90000.0	82.929215837
100000.0	82.7758072159
