ESWMinima	10
Con1Maxima	52
Pressure	Loading
1.0	2.5444986715
5.0	6.3720854412
10.0	8.3563635248
20.0	10.2238682568
30.0	11.171103526500001
40.0	11.8451139207
50.0	12.3472997223
60.0	12.717948774100002
70.0	13.079959754
80.0	13.3641962368
90.0	13.615066478
100.0	13.8119082772
150.0	14.6556430524
200.0	15.2474516626
250.0	15.768556184300001
300.0	16.1361002323
350.0	16.5071341288
400.0	16.8370800862
450.0	17.168625897200002
500.0	17.4392559793
550.0	17.7024429535
600.0	17.9776748658
650.0	18.242873803
700.0	18.4844089031
750.0	18.7328122643
800.0	18.9358452154
850.0	19.1367425367
900.0	19.3717460616
950.0	19.6080891964
1000.0	19.813921296900002
1500.0	21.773936065300003
2000.0	23.430042503800003
2500.0	24.7848447488
3000.0	26.086863543000003
3500.0	27.043292026
4000.0	28.070163674099998
4500.0	28.7978577552
5000.0	29.514576241900002
5500.0	30.1799580771
6000.0	30.918311790700002
6500.0	31.5160421358
7000.0	32.0847294796
7500.0	32.7298867044
8000.0	33.1656525024
8500.0	33.6990525232
9000.0	34.4177717614
9500.0	34.9503120605
10000.0	35.409010057399996
15000.0	40.7933878205
20000.0	45.6634165281
25000.0	50.244715810699994
30000.0	56.0983610012
40000.0	85.48450337359999
50000.0	85.8900841215
60000.0	86.6792750633
70000.0	87.0431981216
80000.0	87.29889952
90000.0	87.58174101459998
100000.0	87.71495117280001
