ESWMinima	15
Con1Maxima	35
Pressure	Loading
1.0	1.0583278740000002
5.0	2.071772047
10.0	3.2372101158999995
20.0	5.3606580711000005
30.0	7.1592850515999995
40.0	8.8852957457
50.0	11.4230882731
60.0	15.9483409771
70.0	18.3249376271
80.0	19.758298903900002
90.0	20.92274024
100.0	21.962526507199996
150.0	26.405133718800002
200.0	29.0195045717
250.0	30.5333655247
300.0	31.4516873143
350.0	32.1432357295
400.0	32.6785443159
450.0	33.138895146100005
500.0	33.5477189325
550.0	33.804617290900005
600.0	34.1189061993
650.0	34.3458519144
700.0	34.6064544
750.0	34.8430259218
800.0	34.980305002899996
850.0	35.1874812108
900.0	35.3825031492
950.0	35.5379695146
1000.0	35.7159981348
1500.0	37.672461438
2000.0	40.262888913699996
2500.0	40.8285484227
3000.0	41.2623316558
3500.0	41.5589448552
4000.0	41.9017818627
4500.0	41.9070913078
5000.0	42.125402774499996
5500.0	42.431523037699996
6000.0	42.550515591599996
6500.0	42.524990645100004
7000.0	42.804140783499996
7500.0	42.9220486367
8000.0	43.0109878882
8500.0	43.0812300232
9000.0	43.1866848975
9500.0	43.115829983299996
10000.0	43.3671818464
15000.0	43.8096936687
20000.0	44.079722385699995
25000.0	44.308313508000005
30000.0	44.4972181133
40000.0	44.76735271850001
50000.0	44.9924387442
60000.0	45.18956962319999
70000.0	45.4840484994
80000.0	45.5368222354
90000.0	45.313783708900004
100000.0	45.4876744087
