ESWMinima	32
Con1Maxima	43
Pressure	Loading
1.0	0.1029700485
5.0	0.5231867533
10.0	1.0529186844
15.0	1.6050102936000001
20.0	2.1653812053
25.0	2.7340810791
30.0	3.2858727425
35.0	3.8998020794
40.0	4.6199829927
45.0	5.4604676512
50.0	6.5359144602
55.0	7.9922389722
60.0	10.334149417
65.0	13.687458613099999
70.0	16.914503946099998
75.0	18.5593020348
80.0	19.563406604100003
85.0	20.3138604711
90.0	20.8563571212
95.0	21.2854426909
100.0	21.5705738115
150.0	23.920641858699998
200.0	25.4803056242
250.0	27.0236094248
300.0	28.8591903427
350.0	30.7721136107
400.0	32.4304252899
450.0	33.7165028737
500.0	35.0063601735
550.0	35.8090401233
600.0	36.9171969302
650.0	37.5835671457
700.0	38.1337196343
750.0	38.5933035476
800.0	39.2769554161
850.0	39.5682517831
900.0	39.9250534285
950.0	40.0408312346
1000.0	40.3912454222
1500.0	41.551685785
2000.0	42.187904879
2500.0	42.517293982199995
3000.0	42.768268610599996
3500.0	43.038225777700006
4000.0	43.20108489850001
4500.0	43.4311361462
5000.0	43.6372584621
5500.0	43.6657810029
6000.0	43.911050169700005
6500.0	43.9179803113
7000.0	44.0204434313
7500.0	43.9566610211
8000.0	44.2703273954
8500.0	44.1952654289
9000.0	44.377391010699995
9500.0	44.3960011661
10000.0	44.5390328676
12000.0	44.7979732125
14000.0	44.9439733855
15000.0	45.0141949
20000.0	45.6068817084
25000.0	45.7987438133
30000.0	46.1207832479
35000.0	46.12308111189999
40000.0	46.884592588400004
50000.0	46.9241822734
60000.0	47.1337201325
70000.0	48.05272428
80000.0	47.4474913887
90000.0	48.4324741068
100000.0	47.804934772799996
