ESWMinima	37
Con1Maxima	56
Pressure	Loading
0.02	0.0047350833
0.02	0.0047350833
0.02	0.0047350833
0.04	0.0096085211
0.04	0.0096085211
0.04	0.0096085211
0.06	0.0146022108
0.06	0.0146022108
0.06	0.0146022108
0.08	0.0192829868
0.08	0.0192829868
0.08	0.0192829868
0.2	0.0474568619
0.2	0.0474568619
0.2	0.0474568619
0.4	0.0927091042
0.4	0.0927091042
0.4	0.0927091042
0.6	0.1376755864
0.6	0.1376755864
0.6	0.1376755864
0.8	0.180321076
0.8	0.180321076
0.8	0.180321076
1.0	0.2260313486
5.0	0.9667712067
10.0	1.8254867716
20.0	3.3858392967
30.0	4.7469768466
40.0	5.958377302000001
50.0	7.0196796099
60.0	7.9210936597
70.0	8.6648799396
80.0	9.3353432956
90.0	9.945534118200001
100.0	10.430495918
150.0	12.0111584326
200.0	12.6762496715
250.0	12.9722622894
300.0	13.176117391400002
350.0	13.296690119600001
400.0	13.378885733499999
450.0	13.452088050999999
500.0	13.518791455399999
550.0	13.560843041099998
600.0	13.605358053900002
650.0	13.6440729273
700.0	13.670302398299999
750.0	13.706536489200001
800.0	13.727108801400002
850.0	13.7615103498
900.0	13.771684385599999
950.0	13.8007659979
1000.0	13.814348121400002
1500.0	13.954326253
2000.0	14.0578759367
2500.0	14.1491762968
3000.0	14.2032804353
3500.0	14.2620230532
4000.0	14.314936682699999
4500.0	14.3337426556
5000.0	14.385320956600001
5500.0	14.4398786332
6000.0	14.4629690822
6500.0	14.495545903800002
7000.0	14.5221474232
7500.0	14.5366824825
8000.0	14.5703640707
8500.0	14.585143714300001
9000.0	14.613536629
9500.0	14.6181124682
10000.0	14.6490325997
11000.0	14.684972683900002
12000.0	14.7142549748
12000.0	14.7468752422
13000.0	14.717480313900001
14000.0	14.7885894902
14000.0	14.9013641242
15000.0	14.7856652839
17000.0	14.838597303199995
20000.0	14.8858205861
20000.0	14.8810841522
25000.0	15.0036274996
25000.0	14.9947675866
30000.0	15.1799685655
35000.0	15.2214710149
40000.0	15.090248951400001
45000.0	15.2022100096
50000.0	15.3825362578
60000.0	15.412489345
70000.0	15.4753294091
80000.0	15.5253981957
90000.0	15.4656652876
100000.0	15.4620460909
