ESWMinima	27
Con1Maxima	43
Pressure	Loading
1.0	1.2985387483
5.0	2.6117395818
10.0	3.4692591836
15.0	4.1458389304
20.0	4.7138322465
25.0	5.3462645315
30.0	6.086653775499999
35.0	6.9314099426
40.0	7.8583147281
45.0	9.0027147872
50.0	10.820176204500001
55.0	12.285698959200001
60.0	13.8646443297
65.0	15.005955883299999
70.0	15.9679984967
75.0	16.7682745543
80.0	17.484551960799998
85.0	18.3598758887
90.0	18.8960936771
95.0	19.3960989297
100.0	20.1660144915
150.0	26.0841259344
200.0	30.552003620700003
250.0	34.6325719631
300.0	38.0479626968
350.0	41.225942797399995
400.0	42.2563035632
450.0	43.3671266796
500.0	44.2515523592
550.0	44.5562422604
600.0	44.8464926944
650.0	45.1180483301
700.0	45.4148237758
750.0	45.8610066375
800.0	45.848296938199994
850.0	46.1487110375
900.0	46.158032848400005
950.0	46.20489522689999
1000.0	46.3379773193
1500.0	47.6258866955
2000.0	47.906715524300004
2500.0	48.086196847299995
3000.0	49.03011783979999
3500.0	49.353809598699996
4000.0	49.6709737871
4500.0	49.4109763781
5000.0	49.5232859037
5500.0	49.7939766555
6000.0	50.008710953599994
6500.0	49.57515335
7000.0	49.8784768369
7500.0	50.2940254082
8000.0	50.4035048699
8500.0	50.1504035027
9000.0	50.236101215699996
9500.0	50.182716384399995
10000.0	50.495796683
12000.0	50.8711818878
14000.0	51.084442301
15000.0	50.936048181000004
20000.0	51.1717597522
25000.0	51.526001360200006
30000.0	51.320494196300004
35000.0	52.0609525287
40000.0	51.878152405600005
45000.0	52.1453477982
50000.0	52.3353024047
60000.0	52.4728317404
70000.0	52.2353852837
80000.0	52.1468344773
90000.0	52.3985975774
100000.0	52.4468110171
