ESWMinima	20
Con1Maxima	61
Pressure	Loading
0.02	1.1313189934
0.02	1.1313189934
0.04	1.982328557
0.04	1.982328557
0.06	2.6367097252000002
0.06	2.6367097252000002
0.08	3.1597730596
0.08	3.1597730596
0.1	3.6251716245
0.1	3.6251716245
0.1	3.6251716245
0.2	5.0454068193
0.2	5.0454068193
0.4	6.3760839903
0.4	6.3760839903
0.5	6.723836905700001
0.5	6.723836905700001
0.5	6.723836905700001
0.6	6.9933142958
0.6	6.9933142958
0.8	7.3145381739
0.8	7.3145381739
1.0	7.489053983200001
5.0	8.3160474706
10.0	8.4518398646
20.0	8.5483005733
30.0	8.6128315406
40.0	8.6630063767
50.0	8.6990202806
60.0	8.7314058867
70.0	8.7692198251
80.0	8.7996135011
90.0	8.8314944428
100.0	8.8539968263
150.0	8.9533199022
200.0	9.0585810801
250.0	9.1521102011
300.0	9.211863599299999
350.0	9.2849277632
400.0	9.345723824
450.0	9.4054922375
500.0	9.4601496671
550.0	9.4935845426
600.0	9.5424003436
650.0	9.580076967
700.0	9.6565045589
750.0	9.6953861604
800.0	9.6931248558
850.0	9.7642591028
900.0	9.790715691299999
950.0	9.8432416986
1000.0	9.8877893998
1500.0	10.1778418092
2000.0	10.426629238
2500.0	10.616659909400001
3000.0	10.6890279639
3500.0	10.8617364562
4000.0	10.9732455767
4500.0	11.1641616254
5000.0	11.228209250099999
5500.0	11.1838318225
6000.0	11.3127516372
6500.0	11.353914814000001
7000.0	11.4826789951
7500.0	11.4616326455
8000.0	11.4868642105
8500.0	11.529966388499998
9000.0	11.5446337869
9500.0	11.641450508399998
10000.0	11.6330744469
11000.0	11.6172930632
12000.0	11.7200675567
13000.0	11.766711244000001
14000.0	11.799441601400002
15000.0	11.797505528299999
16000.0	11.8167306717
17000.0	11.872756971400001
18000.0	11.9318536002
19000.0	11.9140915479
20000.0	11.9089117188
21000.0	11.9708169601
22000.0	11.966224079200002
23000.0	11.994316059400001
25000.0	11.9281296549
27000.0	11.974523787899999
28000.0	12.0286847365
30000.0	12.0717161924
35000.0	12.017493981400001
40000.0	12.034924495799999
45000.0	12.0854727625
50000.0	12.0501473103
55000.0	12.0861142163
60000.0	12.0688057762
70000.0	12.063847573
80000.0	12.0806713191
90000.0	12.119287825399999
100000.0	12.119287825399999
