ESWMinima	23
Con1Maxima	42
Pressure	Loading
1.0	1.4504464812
5.0	2.1999163165
10.0	2.7989103777
15.0	3.3013538771
20.0	3.7423744931
25.0	4.1341078533
30.0	4.5203280355
35.0	4.8622290695
40.0	5.1822963461
45.0	5.490270739800001
50.0	5.790378901
55.0	6.1106915864
60.0	6.416803444199999
65.0	6.7092304009
70.0	7.0336960541
75.0	7.339078261799999
80.0	7.739593579
85.0	8.115728985599999
90.0	8.5224868321
95.0	9.031886070599999
100.0	9.5290507409
150.0	33.518175256300005
200.0	34.690826344
250.0	35.4943397618
300.0	36.0176594461
350.0	36.4452961678
400.0	36.838181843200005
450.0	37.1540139505
500.0	37.3865255988
550.0	37.6229622926
600.0	37.8701697708
650.0	38.0171208952
700.0	38.2270346114
750.0	38.4394305131
800.0	38.5056953621
850.0	38.870131855100006
900.0	39.0723089181
950.0	39.293416233
1000.0	39.0223343086
1500.0	40.1328226997
2000.0	41.6606993812
2500.0	42.0468034351
3000.0	42.1664182356
3500.0	42.138444327100004
4000.0	42.4001386939
4500.0	42.321220348000004
5000.0	42.4922553083
5500.0	42.9290710948
6000.0	42.9332920657
6500.0	43.0848116491
7000.0	43.0325023683
7500.0	43.1035015738
8000.0	43.20744488770001
8500.0	42.8658394801
9000.0	43.3757878245
9500.0	43.0754532356
10000.0	43.3564580734
12000.0	43.31296706770001
14000.0	43.4912448745
15000.0	43.560749657200006
20000.0	43.6696743804
25000.0	43.79283311060001
30000.0	44.265238996099995
35000.0	44.107287371700004
40000.0	44.258984958599996
45000.0	44.1289810876
50000.0	44.424889201899994
60000.0	44.463673351400004
70000.0	44.1848423688
80000.0	44.466717795
90000.0	44.305516223199994
100000.0	44.753061693199996
