ESWMinima	35
Con1Maxima	45
Pressure	Loading
1.0	1.9540010183
5.0	2.5193913381
10.0	3.0435483335000004
15.0	3.5641899622000004
20.0	4.0771083972
25.0	4.6149845284
30.0	5.1365477766000005
35.0	5.6439928094
40.0	6.1342113538
45.0	6.6237390626
50.0	7.0708515863
55.0	7.493554404
60.0	7.8760172825
65.0	8.2180410251
70.0	8.5154811956
75.0	8.794391795
80.0	9.066930837200001
85.0	9.3000335147
90.0	9.4801287356
95.0	9.682576750700001
100.0	9.8567590222
150.0	10.96787469
200.0	11.5400351773
250.0	11.9575221264
300.0	12.3197834506
350.0	12.664613638499999
400.0	13.0408009846
450.0	13.492973752000001
500.0	14.090123883499999
550.0	14.8145341904
600.0	15.574655252000001
650.0	16.3286275624
700.0	16.8948331527
750.0	17.371413568599998
800.0	17.7067199933
850.0	17.9274345587
900.0	18.1403462951
950.0	18.2841628444
1000.0	18.422053881700002
1500.0	19.2444946201
2000.0	19.6457899444
2500.0	19.9116510171
3000.0	20.1636836811
3500.0	20.3141592837
4000.0	20.4295932715
4500.0	20.5730410286
5000.0	20.6597973057
5500.0	20.7898778608
6000.0	20.847537095499998
6500.0	20.8508514604
7000.0	20.994952906800002
7500.0	21.059527356700002
8000.0	21.1296436535
8500.0	21.128846143900002
9000.0	21.187773481
9500.0	21.276413573
10000.0	21.3113268181
12000.0	21.5254141699
14000.0	21.569250771799997
15000.0	21.6252384565
20000.0	21.858111685700003
25000.0	21.9972885862
30000.0	22.1195648683
35000.0	22.2802385723
40000.0	22.245217462
50000.0	22.5037140977
60000.0	22.5822525461
70000.0	22.6719032789
80000.0	22.6960507946
90000.0	22.744777719899997
100000.0	22.721197688
