ESWMinima	24
Con1Maxima	62
Pressure	Loading
0.01	2.9605092177
0.01	2.9605092177
0.01	2.9605092177
0.02	3.7589930842
0.02	3.7589930842
0.04	4.8071407085
0.04	4.8071407085
0.05	5.2481606013
0.05	5.2481606013
0.05	5.2481606013
0.06	5.6110672327
0.06	5.6110672327
0.08	6.3203211723
0.08	6.3203211723
0.1	6.7649566508
0.1	6.7649566508
0.1	6.7649566508
0.2	8.0348339997
0.2	8.0348339997
0.4	8.8432184611
0.4	8.8432184611
0.5	9.1283351279
0.5	9.1283351279
0.5	9.1283351279
0.6	9.3277440237
0.6	9.3277440237
0.8	9.5004542361
0.8	9.5004542361
1.0	9.7557782591
5.0	10.8347030501
10.0	11.083968866
20.0	11.2101388675
30.0	11.2799832439
40.0	11.316418896199998
50.0	11.335126808800002
60.0	11.3598583248
70.0	11.395961189000001
80.0	11.384421765899999
90.0	11.3885279323
100.0	11.4398743907
150.0	11.5137739179
200.0	11.487193183499999
250.0	11.4953574668
300.0	11.5328863964
350.0	11.618087669000001
400.0	11.6672936454
450.0	11.6606020929
500.0	11.818951697200001
550.0	11.8257486424
600.0	11.8466873032
650.0	11.7684334521
700.0	11.7426717364
750.0	11.864876754400001
800.0	11.9956360879
850.0	11.9673867663
900.0	11.9309497297
950.0	11.9302358073
1000.0	12.050001862
1500.0	12.1907851771
2000.0	12.2024695401
2500.0	12.268667088499999
3000.0	12.3303162361
3500.0	12.500232155399999
4000.0	12.475284613900001
4500.0	12.4899955098
5000.0	12.347383342999999
5500.0	12.524338532
6000.0	12.515858367
6500.0	12.4860242976
7000.0	12.5177355648
7500.0	12.5138281222
8000.0	12.551055307999999
8500.0	12.525085673900001
9000.0	12.5944476756
9500.0	12.536040691099998
10000.0	12.6197205901
11000.0	12.5717184249
12000.0	12.563066527
13000.0	12.7571864052
14000.0	12.6419313794
15000.0	12.7037053967
16000.0	12.6411412301
17000.0	12.568744094000001
18000.0	12.6965881206
19000.0	12.6471498056
20000.0	12.720224382
21000.0	12.687613519100001
22000.0	12.6558473803
23000.0	12.613843706199999
25000.0	12.7762371903
27000.0	12.7881629878
28000.0	12.8157470298
30000.0	12.744266395799999
35000.0	12.797982906700001
40000.0	12.8362244735
45000.0	12.791817725
50000.0	12.843379121500002
55000.0	12.912557526099999
60000.0	12.857435118800002
70000.0	12.841902633699998
80000.0	12.906691913
90000.0	12.875360593699998
100000.0	12.875360593699998
