ESWMinima	25
Con1Maxima	45
Pressure	Loading
1.0	1.3131796831
5.0	2.6193735121
10.0	3.6570023452
15.0	4.446421148
20.0	5.1709789595
25.0	5.9024109523
30.0	6.5881985429
35.0	7.290308731900001
40.0	8.021996310499999
45.0	8.826659143099999
50.0	9.7885160754
55.0	11.0887904704
60.0	12.684096300699998
65.0	14.1827789413
70.0	15.321746606500001
75.0	16.3201308041
80.0	17.0403993129
85.0	17.6444004573
90.0	18.1489822325
95.0	18.650263977
100.0	19.09893483
150.0	22.5008837501
200.0	24.866230748699998
250.0	26.5635290938
300.0	27.682094756799998
350.0	28.5963129082
400.0	29.187856338099998
450.0	29.700248559699997
500.0	30.1169987646
550.0	30.4896362125
600.0	30.9145452247
650.0	31.1814645662
700.0	31.4145400589
750.0	31.6418185371
800.0	31.853388071799998
850.0	32.1121560821
900.0	32.3259797344
950.0	32.4905941787
1000.0	32.671472244099995
1500.0	34.2133946111
2000.0	36.1436291045
2500.0	39.4059242808
3000.0	40.23745518
3500.0	40.7118742053
4000.0	41.1778407827
4500.0	41.4627062606
5000.0	41.615742874
5500.0	41.6338999996
6000.0	41.9714569437
6500.0	42.1006029629
7000.0	42.3216695087
7500.0	42.6373230208
8000.0	42.5205578795
8500.0	42.5005496133
9000.0	42.611026193200004
9500.0	42.7282841275
10000.0	42.7976570402
12000.0	43.1862650916
14000.0	43.3533162963
15000.0	43.397933683299996
20000.0	43.8970488416
25000.0	44.22684009140001
30000.0	44.473171776899996
35000.0	44.526942279
40000.0	44.8592180526
50000.0	45.1079626168
60000.0	45.4350955259
70000.0	45.495869793400004
80000.0	45.6112686958
90000.0	45.637432824399994
100000.0	45.6753510929
