ESWMinima	33
Con1Maxima	58
Pressure	Loading
1.0	0.18880712460000001
5.0	0.8278202772
10.0	1.4879665052000002
15.0	2.0815707933
20.0	2.6694643546
25.0	3.1948637954000003
30.0	3.6641096912
35.0	4.120383699
40.0	4.5111367317
45.0	4.8668223706000004
50.0	5.2716959674
55.0	5.617068193400001
60.0	5.907235276000001
65.0	6.2095554914
70.0	6.4894522152
75.0	6.8637529852
80.0	7.1268179405
85.0	7.498221744099999
90.0	7.7307697462
95.0	8.1802883585
100.0	8.3761870883
150.0	12.289163286199999
200.0	20.5818279115
250.0	25.300663848499997
300.0	27.8567503218
350.0	29.641007037399998
400.0	31.2273591334
450.0	32.5564353692
500.0	33.857198881100004
550.0	34.9230853528
600.0	35.9831449965
650.0	36.5014170342
700.0	37.3176395292
750.0	37.8553251354
800.0	38.348708708400004
850.0	38.7913234124
900.0	39.1272948291
950.0	39.3873984787
1000.0	39.719360051
1500.0	41.5412400794
2000.0	42.781176732
2500.0	43.4544873825
3000.0	44.2144305563
3500.0	44.7283451716
4000.0	45.244565121
4500.0	45.7836729666
5000.0	46.2479840786
5500.0	46.6710045316
6000.0	46.964051891000004
6500.0	47.375471659300004
7000.0	47.7288415634
7500.0	48.304962465100004
8000.0	48.532176101800005
8500.0	48.9949771728
9000.0	49.497550879799995
9500.0	49.824307491000006
10000.0	50.2387233953
12000.0	61.4127288043
14000.0	61.549863647600006
15000.0	61.847870462299994
20000.0	62.418766811000005
25000.0	62.9615778005
30000.0	63.4299057714
35000.0	63.5795734952
40000.0	63.8843632795
45000.0	63.849871553999996
50000.0	64.2685989241
60000.0	64.6448199591
70000.0	64.8642178095
80000.0	64.98242525810001
90000.0	65.2916619594
100000.0	64.94484766
