ESWMinima	22
Con1Maxima	43
Pressure	Loading
1.0	0.0806425075
5.0	0.43937026630000003
10.0	0.9757499090999999
15.0	1.6260609612999999
20.0	2.4468605565
25.0	3.4186690882
30.0	4.3800387288
35.0	5.3399483947
40.0	6.200073685
45.0	6.9737362789
50.0	7.6278304129
55.0	8.191483722100001
60.0	8.8065085958
65.0	9.3510518604
70.0	9.9255893828
75.0	10.6646133527
80.0	11.802159298900001
85.0	14.1383769307
90.0	17.3533913507
95.0	19.335266896700002
100.0	20.2115219204
150.0	22.599338808000002
200.0	23.3150877709
250.0	23.901614496500002
300.0	24.272845560100002
350.0	24.546879386599997
400.0	24.783754998400003
450.0	24.9692812194
500.0	25.1803281517
550.0	25.2564369563
600.0	25.432146382
650.0	25.47789999
700.0	25.696307363000003
750.0	25.773408441199997
800.0	25.8073791848
850.0	25.928853557399997
900.0	25.9520293986
950.0	26.1156843319
1000.0	26.1467761884
1500.0	26.683775463299998
2000.0	26.9478200323
2500.0	27.1673878296
3000.0	27.4385667906
3500.0	27.5147957028
4000.0	27.7626152736
4500.0	27.7555529461
5000.0	27.8352089288
5500.0	28.0238597954
6000.0	28.000914314499997
6500.0	28.120157765300004
7000.0	28.2623152842
7500.0	28.149903800700002
8000.0	28.3089675436
8500.0	28.2150138279
9000.0	28.3377385515
9500.0	28.3407566402
10000.0	28.3682391091
12000.0	28.542631046700002
14000.0	28.5210075707
15000.0	28.5379788786
20000.0	28.7473757171
25000.0	28.769370602800002
30000.0	28.9243792254
35000.0	28.9831056871
40000.0	28.956627605300003
45000.0	29.0846438391
50000.0	29.189884179699998
60000.0	29.2465971452
70000.0	29.3041954167
80000.0	29.304887318600002
90000.0	29.217004478000003
100000.0	29.305056906500003
