ESWMinima	28
Con1Maxima	61
Pressure	Loading
0.01	0.0420401441
0.01	0.0420401441
0.01	0.0420401441
0.02	0.08513099439999999
0.02	0.08513099439999999
0.04	0.1721426868
0.04	0.1721426868
0.05	0.2217069448
0.05	0.2217069448
0.05	0.2217069448
0.06	0.2653555284
0.06	0.2653555284
0.08	0.36295886829999996
0.08	0.36295886829999996
0.1	0.4651417014
0.1	0.4651417014
0.1	0.4651417014
0.2	1.083892689
0.2	1.083892689
0.4	3.3223991871
0.4	3.3223991871
0.5	5.6170147197
0.5	5.6170147197
0.5	5.6170147197
0.6	7.089040934
0.6	7.089040934
0.8	8.2299426964
0.8	8.2299426964
1.0	8.7502985973
5.0	9.8357752011
10.0	10.0047295066
20.0	10.1157630735
30.0	10.1728776801
40.0	10.211788243600001
50.0	10.2463554626
60.0	10.262951256000001
70.0	10.2920764982
80.0	10.2953615783
90.0	10.335453294299999
100.0	10.3498785863
150.0	10.4312894487
200.0	10.4893475721
250.0	10.5503962681
300.0	10.5899133543
350.0	10.6320632773
400.0	10.6745375935
450.0	10.703118872200001
500.0	10.7260006333
550.0	10.7670539871
600.0	10.7955331193
650.0	10.8094334609
700.0	10.8303323982
750.0	10.874825501400002
800.0	10.8633269962
850.0	10.9179126965
900.0	10.9220509675
950.0	10.9491430931
1000.0	10.9765826395
1500.0	11.0863249343
2000.0	11.193475708
2500.0	11.3036698003
3000.0	11.384339821800001
3500.0	11.3897536972
4000.0	11.4642763625
4500.0	11.4861678825
5000.0	11.572167977000001
5500.0	11.5941596921
6000.0	11.632068863199999
6500.0	11.6328031804
7000.0	11.710777638699998
7500.0	11.6962318004
8000.0	11.732378777300001
8500.0	11.7661746008
9000.0	11.7560291462
9500.0	11.8008241726
10000.0	11.8636047868
11000.0	11.834347847
12000.0	11.9126615298
13000.0	11.9035981477
14000.0	11.999895076500001
15000.0	12.011525056300002
16000.0	12.0710636347
17000.0	12.029142983699998
18000.0	12.0957989197
19000.0	12.2346805632
20000.0	12.1631433409
21000.0	12.2021956382
22000.0	12.1233142396
23000.0	12.1516414902
25000.0	12.2368229631
27000.0	12.292736456300002
28000.0	12.2602461787
30000.0	12.299146929
35000.0	12.3344838151
40000.0	12.442135731099999
45000.0	12.423989898199999
50000.0	12.572504981400002
55000.0	12.5260573229
60000.0	12.651778462000001
70000.0	12.7017113675
80000.0	12.7469811074
90000.0	12.743630680299999
100000.0	12.743630680299999
