ESWMinima	40
Con1Maxima	46
Pressure	Loading
1.0	0.0641112146
5.0	0.3044253314
10.0	0.5931099379
15.0	0.8815373508
20.0	1.1577353941
25.0	1.4160892801
30.0	1.6866749508
35.0	1.9462822023
40.0	2.2225237149
45.0	2.4956475111
50.0	2.7488225102999997
55.0	3.0896352877999997
60.0	3.3297719049000003
65.0	3.6234120142000004
70.0	3.8310142576999997
75.0	4.1108142175
80.0	4.351536463
85.0	4.6513250665
90.0	4.9002956162
95.0	5.1384398893
100.0	5.4209216648
150.0	7.690200259400001
200.0	9.783007891
250.0	11.4795805652
300.0	13.1499665946
350.0	14.468899522000001
400.0	15.7090865627
450.0	16.847973175099998
500.0	17.8578911351
550.0	18.897235412
600.0	20.0785782711
650.0	21.299874268299998
700.0	22.6416889646
750.0	24.1808157496
800.0	26.4560315293
850.0	28.932936517199998
900.0	31.821690401799998
950.0	35.5526382771
1000.0	40.0341878638
1500.0	50.2462319391
2000.0	51.865534268599994
2500.0	52.5541342351
3000.0	53.3919800859
3500.0	53.7001015173
4000.0	54.0981996182
4500.0	54.3683844051
5000.0	54.7448782522
5500.0	55.04905122
6000.0	55.2301009519
6500.0	55.2334396374
7000.0	55.5230189874
7500.0	55.8853647773
8000.0	55.96497159810001
8500.0	55.8524536695
9000.0	56.2955159555
9500.0	56.320534966000004
10000.0	56.3724011137
12000.0	56.831694362
14000.0	56.858902536
15000.0	57.4115703059
20000.0	57.8097613828
25000.0	58.3858856825
30000.0	58.5486831284
35000.0	58.4724379353
40000.0	58.8573153244
45000.0	59.290763645
50000.0	59.430389526599996
60000.0	59.8850677817
70000.0	59.7896538244
80000.0	59.9969421228
90000.0	59.8177398372
100000.0	59.8177398372
