ESWMinima	27
Con1Maxima	45
Pressure	Loading
1.0	1.0792764625
5.0	1.7354999665000002
10.0	2.3800185973
15.0	3.1079574339
20.0	3.7568713742
25.0	4.3697513322
30.0	5.0322592473
35.0	5.7042605275
40.0	6.3235986939
45.0	6.871543934400001
50.0	7.363110828099999
55.0	7.7893702217
60.0	8.1233130005
65.0	8.5565948142
70.0	8.9423090508
75.0	9.2880977557
80.0	9.5871551258
85.0	9.9355205653
90.0	10.289837934
95.0	10.7430560662
100.0	11.0948244073
150.0	22.5235336608
200.0	26.433870607800003
250.0	29.3285635889
300.0	31.3033170079
350.0	32.8637274859
400.0	34.2469074937
450.0	35.0628960944
500.0	35.6379436452
550.0	36.2039058769
600.0	36.4129085165
650.0	36.7952752651
700.0	37.1439505172
750.0	37.6079969795
800.0	37.5467397131
850.0	38.0313093746
900.0	38.1763722236
950.0	38.3038487965
1000.0	38.4461409632
1500.0	40.9167785026
2000.0	43.4979461146
2500.0	44.5173002758
3000.0	44.7356124078
3500.0	44.894372502399996
4000.0	45.369166693100006
4500.0	45.7783108266
5000.0	45.6162359884
5500.0	46.24622365
6000.0	45.9660522579
6500.0	46.2650491767
7000.0	46.7420044996
7500.0	47.0225688249
8000.0	47.2131816905
8500.0	47.085191282
9000.0	47.061486835699995
9500.0	47.5385806927
10000.0	47.494922296400006
12000.0	47.5280949197
14000.0	48.1304991798
15000.0	47.8501187271
20000.0	47.950092500100006
25000.0	48.4845999316
30000.0	48.309722022399995
35000.0	48.8636292674
40000.0	48.7123903158
45000.0	49.609376034700006
50000.0	49.592008894399996
60000.0	49.3623797847
70000.0	49.274007613900004
80000.0	50.172580178100006
90000.0	49.6216753452
100000.0	49.6532031908
