ESWMinima	24
Con1Maxima	44
Pressure	Loading
1.0	0.7496109555
5.0	1.9093394469
10.0	3.1298124567000003
15.0	4.8180550725
20.0	7.919999624400001
25.0	10.838438148800002
30.0	13.097837824
35.0	14.478108091700001
40.0	15.4883248305
45.0	16.271108806500003
50.0	16.8295864507
55.0	17.4437659214
60.0	18.159801725
65.0	18.746285093599997
70.0	19.3710181574
75.0	19.8550825867
80.0	20.5016100474
85.0	20.9926693
90.0	21.3501661299
95.0	21.968640667600003
100.0	22.540628421300003
150.0	27.486648169899997
200.0	30.3167914453
250.0	31.852952820100004
300.0	32.919545380500004
350.0	33.4966211366
400.0	34.200815771
450.0	34.7443900049
500.0	35.3431298899
550.0	35.5696092423
600.0	35.9395438309
650.0	36.6738416928
700.0	37.018453321799996
750.0	37.4654744506
800.0	37.3695066074
850.0	37.6437187852
900.0	38.0390291957
950.0	38.2028477692
1000.0	38.3410620798
1500.0	41.6328240478
2000.0	45.401408301400004
2500.0	46.8927556084
3000.0	47.5697978678
3500.0	47.8245831274
4000.0	48.0603322727
4500.0	48.427548225500004
5000.0	48.257861929899995
5500.0	48.989933908699996
6000.0	48.7852149702
6500.0	48.956219049
7000.0	49.3079614332
7500.0	49.771877750600005
8000.0	49.9594711716
8500.0	49.631392246400004
9000.0	49.493334635
9500.0	50.451970923599994
10000.0	50.481398268
12000.0	49.7038986404
14000.0	50.345577867299994
15000.0	50.5777493634
20000.0	51.043026886599996
25000.0	51.6099190861
30000.0	51.6742978919
35000.0	51.8597994737
40000.0	51.6168799265
45000.0	52.54190519229999
50000.0	52.4487107351
60000.0	53.02884684439999
70000.0	53.0392682816
80000.0	53.1963884385
90000.0	53.038473458199995
100000.0	53.2402207767
