ESWMinima	31
Con1Maxima	42
Pressure	Loading
1.0	1.8708305274
5.0	6.3711159633
10.0	7.8731405280999995
15.0	8.9123237747
20.0	10.0469142929
25.0	11.8155962023
30.0	14.4557332142
35.0	16.531134741600003
40.0	17.4408077121
45.0	18.0715489217
50.0	18.617721821
55.0	18.9995174949
60.0	19.3927919446
65.0	19.7302219281
70.0	20.0439650597
75.0	20.4177831001
80.0	20.682200946
85.0	21.0049943589
90.0	21.2963411772
95.0	21.6567819319
100.0	21.9541381429
150.0	25.472484134899997
200.0	28.261975701500003
250.0	30.0958362944
300.0	31.6335563242
350.0	32.9050472725
400.0	34.0035852679
450.0	35.023920518800004
500.0	35.941077256599996
550.0	36.9057075033
600.0	37.7659823611
650.0	38.4078351166
700.0	39.020311092600004
750.0	39.4500573353
800.0	39.897412928
850.0	40.121148440300004
900.0	40.3238058933
950.0	40.483179444
1000.0	40.6520228409
1500.0	41.6081938241
2000.0	42.0882202096
2500.0	42.3456693831
3000.0	42.5670002833
3500.0	42.7545693151
4000.0	42.895770950700005
4500.0	43.050480783299996
5000.0	43.116905926099996
5500.0	43.2184215109
6000.0	43.3584445018
6500.0	43.4255609097
7000.0	43.4285634684
7500.0	43.489009145299995
8000.0	43.5502287916
8500.0	43.5897693361
9000.0	43.6357086167
9500.0	43.6778731383
10000.0	43.7674797678
12000.0	43.878676455699996
14000.0	44.0274820081
15000.0	44.0628078843
20000.0	44.2837394164
25000.0	44.3642301615
30000.0	44.5181932981
35000.0	44.649213035600006
40000.0	44.704940300699995
45000.0	44.7224283217
50000.0	44.806789208299996
60000.0	44.843455746800004
70000.0	45.0165514048
80000.0	45.1843214169
90000.0	45.144844559
100000.0	45.1652941552
