ESWMinima	30
Con1Maxima	58
Pressure	Loading
0.01	1.6522159218
0.01	1.6522159218
0.01	1.6522159218
0.02	2.2931918676
0.02	2.2931918676
0.04	2.7737569093
0.04	2.7737569093
0.05	2.9200414644
0.05	2.9200414644
0.05	2.9200414644
0.06	3.0245507331
0.06	3.0245507331
0.08	3.1613593261
0.08	3.1613593261
0.1	3.2796483265
0.1	3.2796483265
0.1	3.2796483265
0.2	3.6709484963
0.2	3.6709484963
0.4	4.3638035117000005
0.4	4.3638035117000005
0.5	4.7768721538
0.5	4.7768721538
0.5	4.7768721538
0.6	5.3531509548
0.6	5.3531509548
0.8	6.7202737239
0.8	6.7202737239
1.0	7.8853298515
5.0	10.5880542627
10.0	11.156615150799999
20.0	11.6068913994
30.0	11.8392963077
40.0	11.9894130523
50.0	12.150176288099999
60.0	12.24052417
70.0	12.3229789507
80.0	12.3593003897
90.0	12.4971868799
100.0	12.507865401300002
150.0	12.714620174
200.0	12.900456551500001
250.0	13.012358018099999
300.0	13.0673025084
350.0	13.143493214200001
400.0	13.163851908800002
450.0	13.2186861733
500.0	13.2499969989
550.0	13.3186497922
600.0	13.343175865
650.0	13.3367556243
700.0	13.337198858399999
750.0	13.359813723699999
800.0	13.4121099372
850.0	13.4159066378
900.0	13.460888022
950.0	13.484397927
1000.0	13.4482638569
1500.0	13.580684168800001
2000.0	13.6189687703
2500.0	13.6695157314
3000.0	13.7637229458
3500.0	13.8086289914
4000.0	13.927358218499998
4500.0	13.8513644304
5000.0	13.9619927361
5500.0	13.9164720274
6000.0	13.970663433199999
6500.0	14.0283086818
7000.0	13.981218495699999
7500.0	14.017327979200001
8000.0	14.066149597999999
8500.0	14.0176092581
9000.0	14.078591507
9500.0	14.0798614348
10000.0	14.111000154800001
11000.0	14.124445148800001
12000.0	14.0857757345
13000.0	14.1513779942
14000.0	14.153935895
15000.0	14.1252152258
16000.0	14.1587124476
17000.0	14.174477146400001
18000.0	14.1678333713
19000.0	14.1684365307
20000.0	14.2350254093
21000.0	14.1952376464
22000.0	14.1518575442
23000.0	14.2127540787
25000.0	14.2232184642
27000.0	14.199589686700001
28000.0	14.1323800548
30000.0	14.249960933199999
35000.0	14.2410321904
40000.0	14.260417198399999
45000.0	14.230938181600001
50000.0	14.316769060499999
55000.0	14.1691213443
60000.0	14.2604550933
70000.0	14.275069413399999
80000.0	14.2619153975
90000.0	14.3018308298
100000.0	14.335427299900001
