ESWMinima	23
Con1Maxima	42
Pressure	Loading
1.0	1.6483295258000001
5.0	5.3224169325999995
10.0	8.8481794404
15.0	11.0223198904
20.0	12.4533376255
25.0	13.685813270299999
30.0	14.810551161300001
35.0	15.6767127956
40.0	16.488164569600002
45.0	17.228431639500002
50.0	18.4127825093
55.0	18.878548926300002
60.0	19.9442175247
65.0	20.6687618436
70.0	21.281642493499998
75.0	22.0463261225
80.0	22.6108572844
85.0	23.393796756799997
90.0	23.976060359699996
95.0	24.4064151894
100.0	25.4831631331
150.0	31.557727095700002
200.0	33.166604575
250.0	34.0218471461
300.0	34.4369139349
350.0	34.936180088899995
400.0	35.2526173584
450.0	35.458749975500005
500.0	35.6931427383
550.0	35.9228809591
600.0	36.2677179748
650.0	36.4027867954
700.0	36.5405175702
750.0	36.4561523549
800.0	36.6514736914
850.0	36.770338119499996
900.0	36.9441490525
950.0	36.9872319041
1000.0	37.190042745999996
1500.0	37.745725386
2000.0	38.192784545
2500.0	38.692870404299995
3000.0	38.738652198400004
3500.0	39.002079471900004
4000.0	39.2758670091
4500.0	39.1361317148
5000.0	39.3998202917
5500.0	39.5879134263
6000.0	39.689595065300004
6500.0	39.8562159777
7000.0	39.9440103531
7500.0	39.8712701579
8000.0	39.972833673400004
8500.0	40.075926828200004
9000.0	40.2553074618
9500.0	39.9757903397
10000.0	40.1133278215
12000.0	40.238706938
14000.0	40.531706840300004
15000.0	40.3314648856
20000.0	40.706806393
25000.0	41.2025865125
30000.0	40.883000874699995
35000.0	40.9619984321
40000.0	41.1578507277
45000.0	41.1823245588
50000.0	41.2374154369
60000.0	41.2469882108
70000.0	41.2788405827
80000.0	41.5480201114
90000.0	41.3814680049
100000.0	41.471241048
