ESWMinima	47
Con1Maxima	49
Pressure	Loading
1.0	0.1324327086
5.0	0.5786795226
10.0	1.0205557882
15.0	1.3734236408000002
20.0	1.7136525363
25.0	2.0303573123
30.0	2.3587532448
35.0	2.684905726
40.0	3.0837425126999998
45.0	3.4562184443
50.0	3.8359186283
55.0	4.1736780306
60.0	4.6365689258
65.0	5.0678418239
70.0	5.4727781072
75.0	5.858539003200001
80.0	6.230236817200001
85.0	6.6213215163
90.0	7.0448447508
95.0	7.322172776
100.0	7.6929282435
150.0	10.188733815700001
200.0	11.944971928900001
250.0	13.346325386199998
300.0	14.445683156900001
350.0	15.4353208903
400.0	16.3067817084
450.0	17.0691030474
500.0	17.769249516800002
550.0	18.3957008551
600.0	18.9881440905
650.0	19.5629415092
700.0	20.062103350799998
750.0	20.5477596402
800.0	20.9864270797
850.0	21.4106048057
900.0	21.801138035100003
950.0	22.2236613521
1000.0	22.5650925727
1500.0	25.9301973232
2000.0	28.9162103244
2500.0	31.6992655273
3000.0	34.2872859146
3500.0	36.675059189
4000.0	39.176229166999995
4500.0	74.74067030239999
5000.0	75.31420115899999
5500.0	75.928689848
6000.0	76.56688627770001
6500.0	76.950721878
7000.0	77.3622757972
7500.0	77.7184621638
8000.0	78.0915271377
8500.0	78.303690843
9000.0	78.4815501062
9500.0	78.8728838757
10000.0	79.0248083092
12000.0	79.7738768024
14000.0	80.3970144747
15000.0	80.4301935551
20000.0	81.5647672078
25000.0	82.2098703403
30000.0	82.9230302814
35000.0	83.3266812163
40000.0	83.734206983
45000.0	83.8361985671
50000.0	84.1206332786
60000.0	84.6359925716
70000.0	84.818836878
80000.0	85.12748353100001
90000.0	85.2847669163
100000.0	84.9950496104
