ESWMinima	32
Con1Maxima	36
Pressure	Loading
1.0	0.054393141799999996
5.0	0.2641640647
10.0	0.5118540361
20.0	0.9726512286
30.0	1.3892643465999999
40.0	1.750494432
50.0	2.0812825019
60.0	2.4220505647
70.0	2.7422305604000003
80.0	3.0376113724000002
90.0	3.3206499950999997
100.0	3.5943203823000003
150.0	4.8537428627
200.0	5.9686156123
250.0	7.0863437642
300.0	8.214268138200001
350.0	9.443423620399999
400.0	10.778075919800001
450.0	12.291120758
500.0	13.9026971851
550.0	15.721447510299999
600.0	17.845163246
650.0	20.0419141283
700.0	22.465164524000002
750.0	24.9716062804
800.0	27.581140375100002
850.0	30.204576693699998
900.0	32.7021612165
950.0	35.4348704682
1000.0	38.2531289954
1500.0	68.2279314279
2000.0	72.8803955808
2500.0	74.4000182815
3000.0	75.27455539340001
3500.0	75.8590440971
4000.0	76.2497871886
4500.0	76.7045713103
5000.0	77.0626247271
5500.0	77.33192918520001
6000.0	77.81661193949999
6500.0	77.8755124425
7000.0	77.9708630809
7500.0	78.19758497859999
8000.0	78.3653240831
8500.0	78.616517074
9000.0	78.7812877107
9500.0	78.7231619397
10000.0	78.9769312155
11000.0	79.1097877121
12000.0	79.4448572801
13000.0	79.6191719723
14000.0	79.6912782433
15000.0	79.7460658428
16000.0	80.0267917768
17000.0	80.0515791855
18000.0	80.2774781814
19000.0	80.3627605155
20000.0	80.4004309542
21000.0	80.50067324220001
22000.0	80.6264511775
23000.0	80.8122535792
25000.0	80.9419453159
27000.0	80.8326029379
28000.0	81.1481645141
30000.0	81.3728102907
35000.0	81.5615438286
40000.0	81.8767995262
45000.0	81.8325057314
50000.0	82.1449748024
55000.0	82.2843952458
60000.0	82.3583183234
70000.0	82.6983501901
80000.0	83.1602815153
90000.0	82.9039833216
100000.0	82.91276870189999
