ESWMinima	24
Con1Maxima	42
Pressure	Loading
1.0	3.3094321699
5.0	3.5298951833
10.0	3.8502872892
15.0	4.3719482608
20.0	5.515950876000001
25.0	7.508007323099999
30.0	9.0910191078
35.0	9.9760598536
40.0	10.5161086296
45.0	10.943199856700002
50.0	11.309010801700001
55.0	11.626066973699999
60.0	11.942841664000001
65.0	12.230826553499998
70.0	12.5251175306
75.0	12.804822774000002
80.0	13.109794043299999
85.0	13.399866151700001
90.0	13.6916925916
95.0	13.9823264581
100.0	14.275997641400002
150.0	16.9704828984
200.0	18.8450209132
250.0	19.9592403612
300.0	20.755538311
350.0	21.2515795747
400.0	21.595034286999997
450.0	21.8936967133
500.0	22.1937352058
550.0	22.3606644125
600.0	22.505412010300002
650.0	22.6865991437
700.0	22.833845204499998
750.0	22.8749613504
800.0	22.969770427600004
850.0	23.1019879957
900.0	23.2297248455
950.0	23.2526325896
1000.0	23.258206084
1500.0	23.7664607642
2000.0	24.0844936842
2500.0	24.2388149349
3000.0	24.400539268600003
3500.0	24.4721697971
4000.0	24.6292385305
4500.0	24.667167362199997
5000.0	24.8113528575
5500.0	24.834931542600003
6000.0	24.9307298962
6500.0	24.8928003756
7000.0	25.0469404584
7500.0	24.9918316797
8000.0	25.108770701999997
8500.0	25.0096014555
9000.0	25.0795475708
9500.0	25.133761015300003
10000.0	25.175946602600003
12000.0	25.390829405300003
14000.0	25.422569598499997
15000.0	25.3903189666
20000.0	25.5997641508
25000.0	25.717668253499998
30000.0	25.9465405893
35000.0	26.004109083200003
40000.0	26.1573362661
50000.0	26.2809766044
60000.0	26.4021210629
70000.0	26.3421135193
80000.0	26.464460711799997
90000.0	26.4609341385
100000.0	26.4420287916
