ESWMinima	19
Con1Maxima	64
Pressure	Loading
0.01	0.3560684689
0.01	0.3560684689
0.01	0.3560684689
0.02	0.7907305076000001
0.02	0.7907305076000001
0.04	1.6685274353
0.04	1.6685274353
0.05	2.0532917724
0.05	2.0532917724
0.05	2.0532917724
0.06	2.3575107476
0.06	2.3575107476
0.08	2.7856342101
0.08	2.7856342101
0.1	3.0558201806
0.1	3.0558201806
0.1	3.0558201806
0.2	3.5348851227999996
0.2	3.5348851227999996
0.4	3.7463363138999997
0.4	3.7463363138999997
0.5	3.7922464913
0.5	3.7922464913
0.5	3.7922464913
0.6	3.8154242039999997
0.6	3.8154242039999997
0.8	3.8491929795999997
0.8	3.8491929795999997
1.0	3.8678221556
5.0	3.9271786764
10.0	3.9349020502
20.0	3.9393513185
30.0	3.9408873511
40.0	3.9420044126
50.0	3.9437452593
60.0	3.9446818859
70.0	3.9454758871
80.0	3.9450163328
90.0	3.946923892
100.0	3.9470530869
150.0	3.9505947792
200.0	3.9539430441
250.0	3.9576206465
300.0	3.9614163492
350.0	3.9674912836
400.0	3.9661063434
450.0	3.9695003009
500.0	3.9707170688
550.0	3.974852619700001
600.0	3.9799746505
650.0	3.9833234263
700.0	3.9821880439
750.0	3.9889173469
800.0	3.9909345393
850.0	3.9908664382
900.0	4.0047283951
950.0	3.9994344694
1000.0	4.0054006465
1500.0	4.0112639057
2000.0	4.0629808468
2500.0	4.0875381713
3000.0	4.1119783446
3500.0	4.1291971793
4000.0	4.1520907362
4500.0	4.1907338094
5000.0	4.2087637254
5500.0	4.2238674862
6000.0	4.2311326195999985
6500.0	4.2431293523
7000.0	4.2707102757
7500.0	4.2971080802
8000.0	4.3257313219
8500.0	4.3204227249
9000.0	4.3642690684
9500.0	4.3610591223
10000.0	4.4384363622
11000.0	4.3752425336
12000.0	4.4253088456
13000.0	4.4577166221
14000.0	4.4815686301
15000.0	4.4566633552
16000.0	4.5174160569
17000.0	4.5063836875
18000.0	4.5661002022
19000.0	4.5712198242
20000.0	4.5763066001
21000.0	4.6004042973
22000.0	4.5998494161000005
23000.0	4.5747190355
25000.0	4.6308347348000005
27000.0	4.6349453227
28000.0	4.6818553373
30000.0	4.688672887
35000.0	4.7695445206
40000.0	4.768454028
45000.0	4.824992348
50000.0	4.8327444805
55000.0	4.89589539
60000.0	4.8908077383
70000.0	4.9353961861
80000.0	5.0250119064
90000.0	5.0201213317
100000.0	5.0201213317
