ESWMinima	40
Con1Maxima	46
Pressure	Loading
1.0	0.8360322262000001
5.0	4.400022773
10.0	7.5661117419
15.0	9.176744422999999
20.0	10.030113056900001
25.0	10.5668331288
30.0	10.9971023846
35.0	11.350805501300002
40.0	11.623309643099999
45.0	11.8902268366
50.0	12.126362954300001
55.0	12.3280224831
60.0	12.5512748049
65.0	12.749520656
70.0	12.947949442
75.0	13.1427744449
80.0	13.3368061467
85.0	13.5214770366
90.0	13.6937066022
95.0	13.879622708900001
100.0	14.0645702748
150.0	15.8786950696
200.0	17.6954788918
250.0	19.6477783232
300.0	21.480112139299997
350.0	23.3987924675
400.0	25.2561483194
450.0	27.145852698800002
500.0	28.5584946059
550.0	29.907167700100004
600.0	30.864069198200003
650.0	31.8567993596
700.0	32.480886951399995
750.0	33.0762892615
800.0	33.6585081892
850.0	34.263169875100004
900.0	34.6860154004
950.0	35.0298386317
1000.0	35.522372921999995
1500.0	43.10036258
2000.0	47.0048264276
2500.0	48.0535122923
3000.0	48.668030953
3500.0	49.0513394476
4000.0	49.3565007976
4500.0	49.68073634979999
5000.0	49.9922797854
5500.0	50.168148462
6000.0	50.499704559399994
6500.0	50.625961142600005
7000.0	50.6895028741
7500.0	50.839606757
8000.0	51.0908984917
8500.0	51.131342152200006
9000.0	51.27936519399999
9500.0	51.2974369266
10000.0	51.6014684873
12000.0	51.9818919966
14000.0	52.3134823725
15000.0	52.4126964157
20000.0	52.9481588537
25000.0	53.4568400374
30000.0	53.63345339560001
35000.0	54.1173659591
40000.0	54.2370715129
50000.0	54.865811878100004
60000.0	55.258019475
70000.0	55.736106103100006
80000.0	55.4745088008
90000.0	55.7186587277
100000.0	55.7186587277
