ESWMinima	14
Con1Maxima	31
Pressure	Loading
1.0	0.1825309822
5.0	0.7600599305
10.0	1.3945838035
20.0	2.6607023298
30.0	4.2157032173
40.0	7.5535800127999995
50.0	16.9396915828
60.0	18.9886219034
70.0	20.4383606431
80.0	21.679080163800002
90.0	22.9052486667
100.0	24.087156327
150.0	28.854981868600003
200.0	30.7368528622
250.0	31.5884515563
300.0	32.09760757
350.0	32.5228367749
500.0	33.2383644703
550.0	33.4094667855
600.0	33.5323613408
650.0	33.7084193665
700.0	33.8324163121
750.0	33.9499160114
800.0	34.0281952219
850.0	34.1280489588
900.0	34.231451478400004
950.0	34.2808383567
1000.0	34.3391860891
1500.0	34.8778198141
2000.0	35.2612273956
2500.0	35.5600142025
3000.0	35.7419777634
3500.0	35.873763568499996
4000.0	36.0122435601
4500.0	36.139379528
5000.0	36.2761085771
5500.0	36.351654815399996
6000.0	36.5617199795
6500.0	36.591656970500004
7000.0	36.6154215849
7500.0	36.7111456621
8000.0	36.8942832954
8500.0	36.902303081
9000.0	36.994240771
9500.0	36.9254424437
10000.0	37.002307009
11000.0	37.1406335446
12000.0	37.2804501177
13000.0	37.32860445
14000.0	37.3410248923
15000.0	37.3598756479
16000.0	37.559667418800004
17000.0	37.465948213800004
18000.0	37.592444088899995
19000.0	37.566385054099996
20000.0	37.7995774112
21000.0	37.8235910578
22000.0	37.874647995100005
23000.0	37.8867787408
25000.0	37.9511358955
27000.0	38.026042041
28000.0	38.0096160098
30000.0	38.1572460785
35000.0	38.216405317399996
40000.0	38.4333749651
45000.0	38.4025676972
50000.0	38.5663017472
55000.0	38.5238151971
60000.0	38.7997754898
70000.0	38.8214896702
80000.0	38.8964189676
90000.0	38.8985195644
100000.0	38.8040188318
