ESWMinima	29
Con1Maxima	36
Pressure	Loading
1.0	2.0348675413999997
5.0	4.1409474955
10.0	4.9823578623
20.0	5.774556136599999
30.0	6.2722616008
40.0	6.650744072799999
50.0	6.964924405800001
60.0	7.2348211017
70.0	7.484406599600001
80.0	7.7309512675
90.0	7.9619239688
100.0	8.1796155378
150.0	9.2159191292
200.0	10.2812877059
250.0	11.5025221807
300.0	12.936204783800001
350.0	14.6720501651
400.0	16.617287363699997
450.0	18.387576211099997
500.0	19.9084757793
550.0	21.0309650685
600.0	21.962668995500003
650.0	22.711704336100002
700.0	23.4989676266
750.0	24.2075503973
800.0	24.9140648515
850.0	25.654141093299998
900.0	26.361799659099997
950.0	27.128560149299997
1000.0	27.7262232234
1500.0	30.7994310577
2000.0	31.626006816700002
2500.0	32.0820887873
3000.0	32.4856950375
3500.0	32.744271995300004
4000.0	32.9650339577
4500.0	33.139129540999996
5000.0	33.313526726599996
5500.0	33.4414939469
6000.0	33.5544837319
6500.0	33.662892407600005
7000.0	33.7702060264
7500.0	33.8702627248
8000.0	33.9664019509
8500.0	34.0278317339
9000.0	34.1257716208
9500.0	34.166229972800004
10000.0	34.196428811
15000.0	34.6679702768
20000.0	34.9076783465
25000.0	35.0585681799
30000.0	35.2599912246
40000.0	35.434539491100004
50000.0	35.6360758465
60000.0	35.6625186451
70000.0	35.7797432657
80000.0	35.8786587436
90000.0	35.9412737658
100000.0	35.9916060954
