ESWMinima	29
Con1Maxima	43
Pressure	Loading
1.0	0.5431178221
5.0	2.0502739791
10.0	3.3636549086
15.0	4.301775388
20.0	5.176847403
25.0	5.8715926049
30.0	6.5588363598
35.0	7.1561041755999995
40.0	7.8049826145
45.0	8.3878279037
50.0	8.9636743363
55.0	9.5619524053
60.0	10.0759808533
65.0	10.6261706591
70.0	11.1728507862
75.0	11.7032379386
80.0	12.2227192177
85.0	12.716601145799999
90.0	13.2243123411
95.0	13.6999949173
100.0	14.159909723800002
150.0	18.1138595877
200.0	21.4911021904
250.0	25.141168951100003
300.0	29.0570637609
350.0	33.6230615717
400.0	41.9943270295
450.0	47.36432258439999
500.0	49.099766584899996
550.0	50.2832185979
600.0	50.9081783414
650.0	51.4154602848
700.0	51.676692738599996
750.0	52.359996506
800.0	52.5484349336
850.0	52.63995245979999
900.0	52.957027609899995
950.0	53.3014797759
1000.0	53.57850261390001
1500.0	54.847113264399994
2000.0	55.796764368000005
2500.0	56.3211143066
3000.0	56.6588620267
3500.0	57.1039893049
4000.0	57.4471530811
4500.0	57.5495813418
5000.0	57.8441470785
5500.0	58.0319070725
6000.0	58.2054377137
6500.0	58.3275931758
7000.0	58.5070496493
7500.0	58.4253212229
8000.0	58.6998135669
8500.0	58.828277827600004
9000.0	58.987529026000004
9500.0	58.9095028183
10000.0	59.2035055185
12000.0	59.4539455938
14000.0	59.4828994925
15000.0	60.0111471485
20000.0	60.1986915654
25000.0	61.1368699548
30000.0	60.7255785499
35000.0	61.2219277784
40000.0	61.0317000614
45000.0	61.5375463039
50000.0	61.350759788299996
60000.0	61.602146500399996
70000.0	62.0019296843
80000.0	62.141735833599995
90000.0	62.138129145200004
100000.0	61.775641846099994
