ESWMinima	17
Con1Maxima	34
Pressure	Loading
1.0	3.4709622113
5.0	3.6488457348
10.0	3.8326623899
20.0	4.3514697868
30.0	5.4117829709
40.0	7.7542189998
50.0	9.790019600900001
60.0	10.8987386729
70.0	11.634028493599999
80.0	12.2189061749
90.0	12.7545378809
100.0	13.2888491952
150.0	16.1055008989
200.0	18.9502702992
250.0	20.873410038499998
300.0	22.027217669099997
350.0	22.8355652739
400.0	23.373549498800006
450.0	23.8412824115
500.0	24.0994339938
550.0	24.3588087835
600.0	24.6077616482
650.0	24.7811916807
700.0	24.8976137777
750.0	25.0538831006
800.0	25.1322250096
850.0	25.2755532869
900.0	25.3739310641
950.0	25.4321782827
1000.0	25.523347063899998
1500.0	26.055414643600002
2000.0	26.368755517100002
2500.0	26.6041018427
3000.0	26.8237656837
3500.0	26.9926269559
4000.0	27.135503015500003
4500.0	27.2073615229
5000.0	27.3702308869
5500.0	27.442158720300004
6000.0	27.4972011389
6500.0	27.586061243899998
7000.0	27.638247593600006
7500.0	27.652944716500002
8000.0	27.6841978869
8500.0	27.734487497800004
9000.0	27.7998701848
9500.0	27.8451118727
10000.0	27.8855248504
15000.0	28.198526766100002
20000.0	28.4683738998
50000.0	29.061287831399998
70000.0	29.594412290900003
100000.0	29.544194654899997
